sample,sub_sample,result_id,test_precision,test_recall,test_f1
1,1,1,0.9069940476190477,0.9134507306107156,0.9102109389583722
1,1,2,0.9062968515742129,0.9093644227153065,0.9078280458043927
1,1,3,0.9062968515742129,0.9093644227153065,0.9078280458043927
1,1,4,0.9057315233785822,0.9060731799321011,0.9059023194418253
1,1,5,0.9062968515742129,0.9093644227153065,0.9078280458043927
1,1,6,0.9057315233785822,0.9060731799321011,0.9059023194418253
1,1,7,0.9057315233785822,0.9060731799321011,0.9059023194418253
1,1,8,0.9053030303030303,0.9035916824196597,0.9044465468306527
1,1,9,0.9062968515742129,0.9093644227153065,0.9078280458043927
1,1,10,0.9057315233785822,0.9060731799321011,0.9059023194418253
1,1,11,0.9057315233785822,0.9060731799321011,0.9059023194418253
1,1,12,0.9053030303030303,0.9035916824196597,0.9044465468306527
1,1,13,0.9057315233785822,0.9060731799321011,0.9059023194418253
1,1,14,0.9053030303030303,0.9035916824196597,0.9044465468306527
1,1,15,0.9053030303030303,0.9035916824196597,0.9044465468306527
1,1,16,0.9050151975683891,0.9019310867095797,0.903470510146027
1,1,17,0.9062968515742129,0.9093644227153065,0.9078280458043927
1,1,18,0.9057315233785822,0.9060731799321011,0.9059023194418253
1,1,19,0.9057315233785822,0.9060731799321011,0.9059023194418253
1,1,20,0.9053030303030303,0.9035916824196597,0.9044465468306527
1,1,21,0.9057315233785822,0.9060731799321011,0.9059023194418253
1,1,22,0.9053030303030303,0.9035916824196597,0.9044465468306527
1,1,23,0.9053030303030303,0.9035916824196597,0.9044465468306527
1,1,24,0.9050151975683891,0.9019310867095797,0.903470510146027
1,1,25,0.9057315233785822,0.9060731799321011,0.9059023194418253
1,1,26,0.9053030303030303,0.9035916824196597,0.9044465468306527
1,1,27,0.9053030303030303,0.9035916824196597,0.9044465468306527
1,1,28,0.9050151975683891,0.9019310867095797,0.903470510146027
1,1,29,0.9053030303030303,0.9035916824196597,0.9044465468306527
1,1,30,0.9050151975683891,0.9019310867095797,0.903470510146027
1,1,31,0.9050151975683891,0.9019310867095797,0.903470510146027
1,1,32,0.9048706240487062,0.9010989010989011,0.9029808239984811
1,1,33,0.9062968515742129,0.9093644227153065,0.9078280458043927
1,1,34,0.9057315233785822,0.9060731799321011,0.9059023194418253
1,1,35,0.9057315233785822,0.9060731799321011,0.9059023194418253
1,1,36,0.9053030303030303,0.9035916824196597,0.9044465468306527
1,1,37,0.9057315233785822,0.9060731799321011,0.9059023194418253
1,1,38,0.9053030303030303,0.9035916824196597,0.9044465468306527
1,1,39,0.9053030303030303,0.9035916824196597,0.9044465468306527
1,1,40,0.9050151975683891,0.9019310867095797,0.903470510146027
1,1,41,0.9057315233785822,0.9060731799321011,0.9059023194418253
1,1,42,0.9053030303030303,0.9035916824196597,0.9044465468306527
1,1,43,0.9053030303030303,0.9035916824196597,0.9044465468306527
1,1,44,0.9050151975683891,0.9019310867095797,0.903470510146027
1,1,45,0.9053030303030303,0.9035916824196597,0.9044465468306527
1,1,46,0.9050151975683891,0.9019310867095797,0.903470510146027
1,1,47,0.9050151975683891,0.9019310867095797,0.903470510146027
1,1,48,0.9048706240487062,0.9010989010989011,0.9029808239984811
1,1,49,0.9057315233785822,0.9060731799321011,0.9059023194418253
1,1,50,0.9053030303030303,0.9035916824196597,0.9044465468306527
1,2,1,0.9069940476190477,0.9134507306107156,0.9102109389583722
1,2,2,0.9062968515742129,0.9093644227153065,0.9078280458043927
1,2,3,0.9062968515742129,0.9093644227153065,0.9078280458043927
1,2,4,0.9057315233785822,0.9060731799321011,0.9059023194418253
1,2,5,0.9062968515742129,0.9093644227153065,0.9078280458043927
1,2,6,0.9057315233785822,0.9060731799321011,0.9059023194418253
1,2,7,0.9057315233785822,0.9060731799321011,0.9059023194418253
1,2,8,0.9053030303030303,0.9035916824196597,0.9044465468306527
1,2,9,0.9062968515742129,0.9093644227153065,0.9078280458043927
1,2,10,0.9057315233785822,0.9060731799321011,0.9059023194418253
1,2,11,0.9057315233785822,0.9060731799321011,0.9059023194418253
1,2,12,0.9053030303030303,0.9035916824196597,0.9044465468306527
1,2,13,0.9057315233785822,0.9060731799321011,0.9059023194418253
1,2,14,0.9053030303030303,0.9035916824196597,0.9044465468306527
1,2,15,0.9053030303030303,0.9035916824196597,0.9044465468306527
1,2,16,0.9050151975683891,0.9019310867095797,0.903470510146027
1,2,17,0.9062968515742129,0.9093644227153065,0.9078280458043927
1,2,18,0.9057315233785822,0.9060731799321011,0.9059023194418253
1,2,19,0.9057315233785822,0.9060731799321011,0.9059023194418253
1,2,20,0.9053030303030303,0.9035916824196597,0.9044465468306527
1,2,21,0.9057315233785822,0.9060731799321011,0.9059023194418253
1,2,22,0.9053030303030303,0.9035916824196597,0.9044465468306527
1,2,23,0.9053030303030303,0.9035916824196597,0.9044465468306527
1,2,24,0.9050151975683891,0.9019310867095797,0.903470510146027
1,2,25,0.9057315233785822,0.9060731799321011,0.9059023194418253
1,2,26,0.9053030303030303,0.9035916824196597,0.9044465468306527
1,2,27,0.9053030303030303,0.9035916824196597,0.9044465468306527
1,2,28,0.9050151975683891,0.9019310867095797,0.903470510146027
1,2,29,0.9053030303030303,0.9035916824196597,0.9044465468306527
1,2,30,0.9050151975683891,0.9019310867095797,0.903470510146027
1,2,31,0.9050151975683891,0.9019310867095797,0.903470510146027
1,2,32,0.9048706240487062,0.9010989010989011,0.9029808239984811
1,2,33,0.9062968515742129,0.9093644227153065,0.9078280458043927
1,2,34,0.9057315233785822,0.9060731799321011,0.9059023194418253
1,2,35,0.9057315233785822,0.9060731799321011,0.9059023194418253
1,2,36,0.9053030303030303,0.9035916824196597,0.9044465468306527
1,2,37,0.9057315233785822,0.9060731799321011,0.9059023194418253
1,2,38,0.9053030303030303,0.9035916824196597,0.9044465468306527
1,2,39,0.9053030303030303,0.9035916824196597,0.9044465468306527
1,2,40,0.9050151975683891,0.9019310867095797,0.903470510146027
1,2,41,0.9057315233785822,0.9060731799321011,0.9059023194418253
1,2,42,0.9053030303030303,0.9035916824196597,0.9044465468306527
1,2,43,0.9053030303030303,0.9035916824196597,0.9044465468306527
1,2,44,0.9050151975683891,0.9019310867095797,0.903470510146027
1,2,45,0.9053030303030303,0.9035916824196597,0.9044465468306527
1,2,46,0.9050151975683891,0.9019310867095797,0.903470510146027
1,2,47,0.9050151975683891,0.9019310867095797,0.903470510146027
1,2,48,0.9048706240487062,0.9010989010989011,0.9029808239984811
1,2,49,0.9057315233785822,0.9060731799321011,0.9059023194418253
1,2,50,0.9053030303030303,0.9035916824196597,0.9044465468306527
1,3,1,0.9070631970260223,0.9138576779026217,0.9104477611940299
1,3,2,0.9063670411985019,0.9097744360902256,0.9080675422138837
1,3,3,0.9063670411985019,0.9097744360902256,0.9080675422138837
1,3,4,0.905802562170309,0.9064856711915535,0.9061439879381833
1,3,5,0.9063670411985019,0.9097744360902256,0.9080675422138837
1,3,6,0.905802562170309,0.9064856711915535,0.9061439879381833
1,3,7,0.905802562170309,0.9064856711915535,0.9061439879381833
1,3,8,0.9053747161241483,0.9040060468631897,0.9046898638426626
1,3,9,0.9063670411985019,0.9097744360902256,0.9080675422138837
1,3,10,0.905802562170309,0.9064856711915535,0.9061439879381833
1,3,11,0.905802562170309,0.9064856711915535,0.9061439879381833
1,3,12,0.9053747161241483,0.9040060468631897,0.9046898638426626
1,3,13,0.905802562170309,0.9064856711915535,0.9061439879381833
1,3,14,0.9053747161241483,0.9040060468631897,0.9046898638426626
1,3,15,0.9053747161241483,0.9040060468631897,0.9046898638426626
1,3,16,0.9050873196659074,0.9023467070401211,0.9037149355572404
1,3,17,0.9063670411985019,0.9097744360902256,0.9080675422138837
1,3,18,0.905802562170309,0.9064856711915535,0.9061439879381833
1,3,19,0.905802562170309,0.9064856711915535,0.9061439879381833
1,3,20,0.9053747161241483,0.9040060468631897,0.9046898638426626
1,3,21,0.905802562170309,0.9064856711915535,0.9061439879381833
1,3,22,0.9053747161241483,0.9040060468631897,0.9046898638426626
1,3,23,0.9053747161241483,0.9040060468631897,0.9046898638426626
1,3,24,0.9050873196659074,0.9023467070401211,0.9037149355572404
1,3,25,0.905802562170309,0.9064856711915535,0.9061439879381833
1,3,26,0.9053747161241483,0.9040060468631897,0.9046898638426626
1,3,27,0.9053747161241483,0.9040060468631897,0.9046898638426626
1,3,28,0.9050873196659074,0.9023467070401211,0.9037149355572404
1,3,29,0.9053747161241483,0.9040060468631897,0.9046898638426626
1,3,30,0.9050873196659074,0.9023467070401211,0.9037149355572404
1,3,31,0.9050873196659074,0.9023467070401211,0.9037149355572404
1,3,32,0.9049429657794676,0.9015151515151515,0.9032258064516129
1,3,33,0.9063670411985019,0.9097744360902256,0.9080675422138837
1,3,34,0.905802562170309,0.9064856711915535,0.9061439879381833
1,3,35,0.905802562170309,0.9064856711915535,0.9061439879381833
1,3,36,0.9053747161241483,0.9040060468631897,0.9046898638426626
1,3,37,0.905802562170309,0.9064856711915535,0.9061439879381833
1,3,38,0.9053747161241483,0.9040060468631897,0.9046898638426626
1,3,39,0.9053747161241483,0.9040060468631897,0.9046898638426626
1,3,40,0.9050873196659074,0.9023467070401211,0.9037149355572404
1,3,41,0.905802562170309,0.9064856711915535,0.9061439879381833
1,3,42,0.9053747161241483,0.9040060468631897,0.9046898638426626
1,3,43,0.9053747161241483,0.9040060468631897,0.9046898638426626
1,3,44,0.9050873196659074,0.9023467070401211,0.9037149355572404
1,3,45,0.9053747161241483,0.9040060468631897,0.9046898638426626
1,3,46,0.9050873196659074,0.9023467070401211,0.9037149355572404
1,3,47,0.9050873196659074,0.9023467070401211,0.9037149355572404
1,3,48,0.9049429657794676,0.9015151515151515,0.9032258064516129
1,3,49,0.905802562170309,0.9064856711915535,0.9061439879381833
1,3,50,0.9053747161241483,0.9040060468631897,0.9046898638426626
1,4,1,0.9069940476190477,0.9134507306107156,0.9102109389583722
1,4,2,0.9062968515742129,0.9093644227153065,0.9078280458043927
1,4,3,0.9062968515742129,0.9093644227153065,0.9078280458043927
1,4,4,0.9057315233785822,0.9060731799321011,0.9059023194418253
1,4,5,0.9062968515742129,0.9093644227153065,0.9078280458043927
1,4,6,0.9057315233785822,0.9060731799321011,0.9059023194418253
1,4,7,0.9057315233785822,0.9060731799321011,0.9059023194418253
1,4,8,0.9053030303030303,0.9035916824196597,0.9044465468306527
1,4,9,0.9062968515742129,0.9093644227153065,0.9078280458043927
1,4,10,0.9057315233785822,0.9060731799321011,0.9059023194418253
1,4,11,0.9057315233785822,0.9060731799321011,0.9059023194418253
1,4,12,0.9053030303030303,0.9035916824196597,0.9044465468306527
1,4,13,0.9057315233785822,0.9060731799321011,0.9059023194418253
1,4,14,0.9053030303030303,0.9035916824196597,0.9044465468306527
1,4,15,0.9053030303030303,0.9035916824196597,0.9044465468306527
1,4,16,0.9050151975683891,0.9019310867095797,0.903470510146027
1,4,17,0.9062968515742129,0.9093644227153065,0.9078280458043927
1,4,18,0.9057315233785822,0.9060731799321011,0.9059023194418253
1,4,19,0.9057315233785822,0.9060731799321011,0.9059023194418253
1,4,20,0.9053030303030303,0.9035916824196597,0.9044465468306527
1,4,21,0.9057315233785822,0.9060731799321011,0.9059023194418253
1,4,22,0.9053030303030303,0.9035916824196597,0.9044465468306527
1,4,23,0.9053030303030303,0.9035916824196597,0.9044465468306527
1,4,24,0.9050151975683891,0.9019310867095797,0.903470510146027
1,4,25,0.9057315233785822,0.9060731799321011,0.9059023194418253
1,4,26,0.9053030303030303,0.9035916824196597,0.9044465468306527
1,4,27,0.9053030303030303,0.9035916824196597,0.9044465468306527
1,4,28,0.9050151975683891,0.9019310867095797,0.903470510146027
1,4,29,0.9053030303030303,0.9035916824196597,0.9044465468306527
1,4,30,0.9050151975683891,0.9019310867095797,0.903470510146027
1,4,31,0.9050151975683891,0.9019310867095797,0.903470510146027
1,4,32,0.9048706240487062,0.9010989010989011,0.9029808239984811
1,4,33,0.9062968515742129,0.9093644227153065,0.9078280458043927
1,4,34,0.9057315233785822,0.9060731799321011,0.9059023194418253
1,4,35,0.9057315233785822,0.9060731799321011,0.9059023194418253
1,4,36,0.9053030303030303,0.9035916824196597,0.9044465468306527
1,4,37,0.9057315233785822,0.9060731799321011,0.9059023194418253
1,4,38,0.9053030303030303,0.9035916824196597,0.9044465468306527
1,4,39,0.9053030303030303,0.9035916824196597,0.9044465468306527
1,4,40,0.9050151975683891,0.9019310867095797,0.903470510146027
1,4,41,0.9057315233785822,0.9060731799321011,0.9059023194418253
1,4,42,0.9053030303030303,0.9035916824196597,0.9044465468306527
1,4,43,0.9053030303030303,0.9035916824196597,0.9044465468306527
1,4,44,0.9050151975683891,0.9019310867095797,0.903470510146027
1,4,45,0.9053030303030303,0.9035916824196597,0.9044465468306527
1,4,46,0.9050151975683891,0.9019310867095797,0.903470510146027
1,4,47,0.9050151975683891,0.9019310867095797,0.903470510146027
1,4,48,0.9048706240487062,0.9010989010989011,0.9029808239984811
1,4,49,0.9057315233785822,0.9060731799321011,0.9059023194418253
1,4,50,0.9053030303030303,0.9035916824196597,0.9044465468306527
2,1,1,0.9383634431455898,0.8733926805143423,0.9047131147540984
2,1,2,0.9382978723404255,0.8728352300841168,0.9043834914124583
2,1,3,0.9351063829787234,0.8711595639246779,0.9020010261672652
2,1,4,0.9351753453772582,0.8717186726102031,0.9023327351961036
2,1,5,0.9351063829787234,0.8711595639246779,0.9020010261672652
2,1,6,0.9320594479830149,0.8705999008428359,0.9002819789797488
2,1,7,0.9351753453772582,0.8717186726102031,0.9023327351961036
2,1,8,0.9321314952279958,0.8711595639246779,0.9006147540983607
2,1,9,0.9320594479830149,0.8705999008428359,0.9002819789797488
2,1,10,0.9291754756871036,0.8711595639246779,0.89923273657289
2,1,11,0.9351063829787234,0.8711595639246779,0.9020010261672652
2,1,12,0.9320594479830149,0.8705999008428359,0.9002819789797488
2,1,13,0.9292502639915523,0.8717186726102031,0.8995655507283415
2,1,14,0.9321314952279958,0.8711595639246779,0.9006147540983607
2,1,15,0.9321314952279958,0.8711595639246779,0.9006147540983607
2,1,16,0.9351753453772582,0.8717186726102031,0.9023327351961036
2,1,17,0.9378349410503751,0.8689175769612711,0.9020618556701031
2,1,18,0.9346195069667739,0.8672302337145699,0.8996646891926748
2,1,19,0.9379014989293362,0.8694789081885856,0.9023950553695596
2,1,20,0.9346895074946466,0.8677932405566601,0.9
2,1,21,0.9315508021390374,0.8666666666666667,0.8979381443298968
2,1,22,0.9346195069667739,0.8672302337145699,0.8996646891926748
2,1,23,0.9316239316239316,0.8672302337145699,0.8982745300025753
2,1,24,0.9346895074946466,0.8677932405566601,0.9
2,1,25,0.9315508021390374,0.8666666666666667,0.8979381443298968
2,1,26,0.9286474973375932,0.8672302337145699,0.8968886603239907
2,1,27,0.9346195069667739,0.8672302337145699,0.8996646891926748
2,1,28,0.9315508021390374,0.8666666666666667,0.8979381443298968
2,1,29,0.9346895074946466,0.8677932405566601,0.9
2,1,30,0.9287234042553192,0.8677932405566601,0.8972250770811921
2,1,31,0.9316239316239316,0.8672302337145699,0.8982745300025753
2,1,32,0.9316239316239316,0.8672302337145699,0.8982745300025753
2,1,33,0.9378349410503751,0.8689175769612711,0.9020618556701031
2,1,34,0.9379014989293362,0.8694789081885856,0.9023950553695596
2,1,35,0.9346195069667739,0.8672302337145699,0.8996646891926748
2,1,36,0.9346895074946466,0.8677932405566601,0.9
2,1,37,0.9315508021390374,0.8666666666666667,0.8979381443298968
2,1,38,0.9346195069667739,0.8672302337145699,0.8996646891926748
2,1,39,0.9316239316239316,0.8672302337145699,0.8982745300025753
2,1,40,0.9346895074946466,0.8677932405566601,0.9
2,1,41,0.9286474973375932,0.8672302337145699,0.8968886603239907
2,1,42,0.9315508021390374,0.8666666666666667,0.8979381443298968
2,1,43,0.9316239316239316,0.8672302337145699,0.8982745300025753
2,1,44,0.9287234042553192,0.8677932405566601,0.8972250770811921
2,1,45,0.9346195069667739,0.8672302337145699,0.8996646891926748
2,1,46,0.9346895074946466,0.8677932405566601,0.9
2,1,47,0.9315508021390374,0.8666666666666667,0.8979381443298968
2,1,48,0.9316239316239316,0.8672302337145699,0.8982745300025753
2,1,49,0.9375,0.8661025385764062,0.9003880983182405
2,1,50,0.9342672413793104,0.864406779661017,0.8979803210771622
2,2,1,0.9383634431455898,0.8733926805143423,0.9047131147540984
2,2,2,0.9382978723404255,0.8728352300841168,0.9043834914124583
2,2,3,0.9351063829787234,0.8711595639246779,0.9020010261672652
2,2,4,0.9351753453772582,0.8717186726102031,0.9023327351961036
2,2,5,0.9351063829787234,0.8711595639246779,0.9020010261672652
2,2,6,0.9320594479830149,0.8705999008428359,0.9002819789797488
2,2,7,0.9351753453772582,0.8717186726102031,0.9023327351961036
2,2,8,0.9321314952279958,0.8711595639246779,0.9006147540983607
2,2,9,0.9320594479830149,0.8705999008428359,0.9002819789797488
2,2,10,0.9291754756871036,0.8711595639246779,0.89923273657289
2,2,11,0.9351063829787234,0.8711595639246779,0.9020010261672652
2,2,12,0.9320594479830149,0.8705999008428359,0.9002819789797488
2,2,13,0.9351753453772582,0.8717186726102031,0.9023327351961036
2,2,14,0.9321314952279958,0.8711595639246779,0.9006147540983607
2,2,15,0.9321314952279958,0.8711595639246779,0.9006147540983607
2,2,16,0.9292502639915523,0.8717186726102031,0.8995655507283415
2,2,17,0.9378349410503751,0.8689175769612711,0.9020618556701031
2,2,18,0.9346195069667739,0.8672302337145699,0.8996646891926748
2,2,19,0.9346195069667739,0.8672302337145699,0.8996646891926748
2,2,20,0.9315508021390374,0.8666666666666667,0.8979381443298968
2,2,21,0.9379014989293362,0.8694789081885856,0.9023950553695596
2,2,22,0.9346895074946466,0.8677932405566601,0.9
2,2,23,0.9346895074946466,0.8677932405566601,0.9
2,2,24,0.9316239316239316,0.8672302337145699,0.8982745300025753
2,2,25,0.9315508021390374,0.8666666666666667,0.8979381443298968
2,2,26,0.9316239316239316,0.8672302337145699,0.8982745300025753
2,2,27,0.9286474973375932,0.8672302337145699,0.8968886603239907
2,2,28,0.9287234042553192,0.8677932405566601,0.8972250770811921
2,2,29,0.9346195069667739,0.8672302337145699,0.8996646891926748
2,2,30,0.9315508021390374,0.8666666666666667,0.8979381443298968
2,2,31,0.9346895074946466,0.8677932405566601,0.9
2,2,32,0.9316239316239316,0.8672302337145699,0.8982745300025753
2,2,33,0.9378349410503751,0.8689175769612711,0.9020618556701031
2,2,34,0.9346195069667739,0.8672302337145699,0.8996646891926748
2,2,35,0.9379014989293362,0.8694789081885856,0.9023950553695596
2,2,36,0.9346895074946466,0.8677932405566601,0.9
2,2,37,0.9346195069667739,0.8672302337145699,0.8996646891926748
2,2,38,0.9315508021390374,0.8666666666666667,0.8979381443298968
2,2,39,0.9346895074946466,0.8677932405566601,0.9
2,2,40,0.9316239316239316,0.8672302337145699,0.8982745300025753
2,2,41,0.9315508021390374,0.8666666666666667,0.8979381443298968
2,2,42,0.9286474973375932,0.8672302337145699,0.8968886603239907
2,2,43,0.9316239316239316,0.8672302337145699,0.8982745300025753
2,2,44,0.9287234042553192,0.8677932405566601,0.8972250770811921
2,2,45,0.9346195069667739,0.8672302337145699,0.8996646891926748
2,2,46,0.9346895074946466,0.8677932405566601,0.9
2,2,47,0.9315508021390374,0.8666666666666667,0.8979381443298968
2,2,48,0.9316239316239316,0.8672302337145699,0.8982745300025753
2,2,49,0.9375,0.8661025385764062,0.9003880983182405
2,2,50,0.9342672413793104,0.864406779661017,0.8979803210771622
2,3,1,0.8958543983822043,0.8750617283950617,0.8853359980014989
2,3,2,0.895748987854251,0.8745059288537549,0.885
2,3,3,0.8927125506072875,0.8728352300841168,0.8826619964973731
2,3,4,0.8928210313447927,0.8733926805143423,0.883
2,3,5,0.8898989898989899,0.8722772277227723,0.881
2,3,6,0.8927125506072875,0.8728352300841168,0.8826619964973731
2,3,7,0.8900100908173562,0.8728352300841168,0.8813389957531851
2,3,8,0.8928210313447927,0.8733926805143423,0.883
2,3,9,0.8898989898989899,0.8722772277227723,0.881
2,3,10,0.8900100908173562,0.8728352300841168,0.8813389957531851
2,3,11,0.8927125506072875,0.8728352300841168,0.8826619964973731
2,3,12,0.8928210313447927,0.8733926805143423,0.883
2,3,13,0.8873239436619719,0.8728352300841168,0.8800199551010227
2,3,14,0.8898989898989899,0.8722772277227723,0.881
2,3,15,0.8874371859296483,0.8733926805143423,0.8803589232303092
2,3,16,0.8900100908173562,0.8728352300841168,0.8813389957531851
2,3,17,0.891946992864424,0.8689175769612711,0.880281690140845
2,3,18,0.8891149542217701,0.8683556880278192,0.8786127167630059
2,3,19,0.8950050968399592,0.8705999008428359,0.882633827594873
2,3,20,0.891946992864424,0.8689175769612711,0.880281690140845
2,3,21,0.895112016293279,0.8711595639246779,0.8829733802109492
2,3,22,0.8920570264765784,0.8694789081885856,0.8806232721789394
2,3,23,0.8920570264765784,0.8694789081885856,0.8806232721789394
2,3,24,0.8892276422764228,0.8689175769612711,0.8789552988448016
2,3,25,0.8865248226950354,0.8689175769612711,0.8776328986960882
2,3,26,0.8866396761133604,0.8694789081885856,0.8779754447506891
2,3,27,0.8891149542217701,0.8683556880278192,0.8786127167630059
2,3,28,0.8892276422764228,0.8689175769612711,0.8789552988448016
2,3,29,0.8891149542217701,0.8683556880278192,0.8786127167630059
2,3,30,0.891946992864424,0.8689175769612711,0.880281690140845
2,3,31,0.8920570264765784,0.8694789081885856,0.8806232721789394
2,3,32,0.8892276422764228,0.8689175769612711,0.8789552988448016
2,3,33,0.8950050968399592,0.8705999008428359,0.882633827594873
2,3,34,0.891946992864424,0.8689175769612711,0.880281690140845
2,3,35,0.8865248226950354,0.8689175769612711,0.8776328986960882
2,3,36,0.8891149542217701,0.8683556880278192,0.8786127167630059
2,3,37,0.8891149542217701,0.8683556880278192,0.8786127167630059
2,3,38,0.891946992864424,0.8689175769612711,0.880281690140845
2,3,39,0.891946992864424,0.8689175769612711,0.880281690140845
2,3,40,0.8891149542217701,0.8683556880278192,0.8786127167630059
2,3,41,0.895112016293279,0.8711595639246779,0.8829733802109492
2,3,42,0.8920570264765784,0.8694789081885856,0.8806232721789394
2,3,43,0.8920570264765784,0.8694789081885856,0.8806232721789394
2,3,44,0.8892276422764228,0.8689175769612711,0.8789552988448016
2,3,45,0.8920570264765784,0.8694789081885856,0.8806232721789394
2,3,46,0.8892276422764228,0.8689175769612711,0.8789552988448016
2,3,47,0.8892276422764228,0.8689175769612711,0.8789552988448016
2,3,48,0.8866396761133604,0.8694789081885856,0.8779754447506891
2,3,49,0.8945752302968271,0.8683556880278192,0.8812704814721452
2,3,50,0.8944672131147541,0.8677932405566601,0.880928355196771
2,4,1,0.8958543983822043,0.8750617283950617,0.8853359980014989
2,4,2,0.895748987854251,0.8745059288537549,0.885
2,4,3,0.8927125506072875,0.8728352300841168,0.8826619964973731
2,4,4,0.8928210313447927,0.8733926805143423,0.883
2,4,5,0.8927125506072875,0.8728352300841168,0.8826619964973731
2,4,6,0.8898989898989899,0.8722772277227723,0.881
2,4,7,0.8928210313447927,0.8733926805143423,0.883
2,4,8,0.8900100908173562,0.8728352300841168,0.8813389957531851
2,4,9,0.8898989898989899,0.8722772277227723,0.881
2,4,10,0.8873239436619719,0.8728352300841168,0.8800199551010227
2,4,11,0.8927125506072875,0.8728352300841168,0.8826619964973731
2,4,12,0.8898989898989899,0.8722772277227723,0.881
2,4,13,0.8874371859296483,0.8733926805143423,0.8803589232303092
2,4,14,0.8900100908173562,0.8728352300841168,0.8813389957531851
2,4,15,0.8900100908173562,0.8728352300841168,0.8813389957531851
2,4,16,0.8928210313447927,0.8733926805143423,0.883
2,4,17,0.8950050968399592,0.8705999008428359,0.882633827594873
2,4,18,0.891946992864424,0.8689175769612711,0.880281690140845
2,4,19,0.895112016293279,0.8711595639246779,0.8829733802109492
2,4,20,0.8920570264765784,0.8694789081885856,0.8806232721789394
2,4,21,0.8891149542217701,0.8683556880278192,0.8786127167630059
2,4,22,0.891946992864424,0.8689175769612711,0.880281690140845
2,4,23,0.8892276422764228,0.8689175769612711,0.8789552988448016
2,4,24,0.8920570264765784,0.8694789081885856,0.8806232721789394
2,4,25,0.8891149542217701,0.8683556880278192,0.8786127167630059
2,4,26,0.891946992864424,0.8689175769612711,0.880281690140845
2,4,27,0.8892276422764228,0.8689175769612711,0.8789552988448016
2,4,28,0.8920570264765784,0.8694789081885856,0.8806232721789394
2,4,29,0.8865248226950354,0.8689175769612711,0.8776328986960882
2,4,30,0.8891149542217701,0.8683556880278192,0.8786127167630059
2,4,31,0.8866396761133604,0.8694789081885856,0.8779754447506891
2,4,32,0.8892276422764228,0.8689175769612711,0.8789552988448016
2,4,33,0.8950050968399592,0.8705999008428359,0.882633827594873
2,4,34,0.891946992864424,0.8689175769612711,0.880281690140845
2,4,35,0.895112016293279,0.8711595639246779,0.8829733802109492
2,4,36,0.8920570264765784,0.8694789081885856,0.8806232721789394
2,4,37,0.891946992864424,0.8689175769612711,0.880281690140845
2,4,38,0.8891149542217701,0.8683556880278192,0.8786127167630059
2,4,39,0.8920570264765784,0.8694789081885856,0.8806232721789394
2,4,40,0.8892276422764228,0.8689175769612711,0.8789552988448016
2,4,41,0.8865248226950354,0.8689175769612711,0.8776328986960882
2,4,42,0.8891149542217701,0.8683556880278192,0.8786127167630059
2,4,43,0.8866396761133604,0.8694789081885856,0.8779754447506891
2,4,44,0.8892276422764228,0.8689175769612711,0.8789552988448016
2,4,45,0.8891149542217701,0.8683556880278192,0.8786127167630059
2,4,46,0.891946992864424,0.8689175769612711,0.880281690140845
2,4,47,0.8920570264765784,0.8694789081885856,0.8806232721789394
2,4,48,0.8892276422764228,0.8689175769612711,0.8789552988448016
2,4,49,0.8944672131147541,0.8677932405566601,0.880928355196771
2,4,50,0.8913934426229508,0.8661025385764062,0.878566018682151
3,1,1,0.893167701863354,0.8789731051344744,0.8860135551447936
3,1,2,0.8944099378881988,0.8796579108124618,0.8869725900831538
3,1,3,0.8944099378881988,0.8796579108124618,0.8869725900831538
3,1,4,0.893167701863354,0.8789731051344744,0.8860135551447936
3,1,5,0.8921933085501859,0.8796579108124618,0.8858812673023686
3,1,6,0.8944099378881988,0.8796579108124618,0.8869725900831538
3,1,7,0.8934324659231723,0.8803418803418803,0.8868388683886839
3,1,8,0.8956521739130435,0.8803418803418803,0.8879310344827586
3,1,9,0.8934324659231723,0.8803418803418803,0.8868388683886839
3,1,10,0.8944099378881988,0.8796579108124618,0.8869725900831538
3,1,11,0.8921933085501859,0.8796579108124618,0.8858812673023686
3,1,12,0.893167701863354,0.8789731051344744,0.8860135551447936
3,1,13,0.8944099378881988,0.8796579108124618,0.8869725900831538
3,1,14,0.8956521739130435,0.8803418803418803,0.8879310344827586
3,1,15,0.8944099378881988,0.8796579108124618,0.8869725900831538
3,1,16,0.893167701863354,0.8789731051344744,0.8860135551447936
3,1,17,0.8942786069651741,0.8789731051344744,0.8865598027127004
3,1,18,0.892059553349876,0.8789731051344744,0.8854679802955665
3,1,19,0.8955223880597015,0.8796579108124618,0.8875192604006163
3,1,20,0.8933002481389578,0.8796579108124618,0.8864265927977839
3,1,21,0.8933002481389578,0.8796579108124618,0.8864265927977839
3,1,22,0.892059553349876,0.8789731051344744,0.8854679802955665
3,1,23,0.8942786069651741,0.8789731051344744,0.8865598027127004
3,1,24,0.8955223880597015,0.8796579108124618,0.8875192604006163
3,1,25,0.8942786069651741,0.8789731051344744,0.8865598027127004
3,1,26,0.8942786069651741,0.8789731051344744,0.8865598027127004
3,1,27,0.8942786069651741,0.8789731051344744,0.8865598027127004
3,1,28,0.8942786069651741,0.8789731051344744,0.8865598027127004
3,1,29,0.8930348258706468,0.8782874617737003,0.885599753314832
3,1,30,0.8930348258706468,0.8782874617737003,0.885599753314832
3,1,31,0.8930348258706468,0.8782874617737003,0.885599753314832
3,1,32,0.8930348258706468,0.8782874617737003,0.885599753314832
3,1,33,0.8921933085501859,0.8796579108124618,0.8858812673023686
3,1,34,0.893167701863354,0.8789731051344744,0.8860135551447936
3,1,35,0.8934324659231723,0.8803418803418803,0.8868388683886839
3,1,36,0.8944099378881988,0.8796579108124618,0.8869725900831538
3,1,37,0.8944099378881988,0.8796579108124618,0.8869725900831538
3,1,38,0.8956521739130435,0.8803418803418803,0.8879310344827586
3,1,39,0.893167701863354,0.8789731051344744,0.8860135551447936
3,1,40,0.8944099378881988,0.8796579108124618,0.8869725900831538
3,1,41,0.8944099378881988,0.8796579108124618,0.8869725900831538
3,1,42,0.8944099378881988,0.8796579108124618,0.8869725900831538
3,1,43,0.8934324659231723,0.8803418803418803,0.8868388683886839
3,1,44,0.8956521739130435,0.8803418803418803,0.8879310344827586
3,1,45,0.8944099378881988,0.8796579108124618,0.8869725900831538
3,1,46,0.8921933085501859,0.8796579108124618,0.8858812673023686
3,1,47,0.893167701863354,0.8789731051344744,0.8860135551447936
3,1,48,0.893167701863354,0.8789731051344744,0.8860135551447936
3,1,49,0.8942786069651741,0.8789731051344744,0.8865598027127004
3,1,50,0.8933002481389578,0.8796579108124618,0.8864265927977839
3,2,1,0.9170918367346939,0.8789731051344744,0.8976279650436954
3,2,2,0.9183673469387755,0.8796579108124618,0.8985959438377535
3,2,3,0.9207161125319693,0.8796579108124618,0.8997188378631679
3,2,4,0.9194373401534527,0.8789731051344744,0.89875
3,2,5,0.9181585677749361,0.8782874617737003,0.8977805564238824
3,2,6,0.9181585677749361,0.8782874617737003,0.8977805564238824
3,2,7,0.9194373401534527,0.8789731051344744,0.89875
3,2,8,0.9194373401534527,0.8789731051344744,0.89875
3,2,9,0.9183673469387755,0.8796579108124618,0.8985959438377535
3,2,10,0.9194373401534527,0.8789731051344744,0.89875
3,2,11,0.9170918367346939,0.8789731051344744,0.8976279650436954
3,2,12,0.9181585677749361,0.8782874617737003,0.8977805564238824
3,2,13,0.9194373401534527,0.8789731051344744,0.89875
3,2,14,0.9181585677749361,0.8782874617737003,0.8977805564238824
3,2,15,0.9207161125319693,0.8796579108124618,0.8997188378631679
3,2,16,0.9194373401534527,0.8789731051344744,0.89875
3,2,17,0.9206145966709347,0.8789731051344744,0.8993120700437772
3,2,18,0.9193341869398207,0.8782874617737003,0.8983421958085706
3,2,19,0.9182630906768838,0.8789731051344744,0.8981886321049346
3,2,20,0.9193341869398207,0.8782874617737003,0.8983421958085706
3,2,21,0.9193341869398207,0.8782874617737003,0.8983421958085706
3,2,22,0.9180537772087067,0.8776009791921665,0.897371714643304
3,2,23,0.9169859514687101,0.8782874617737003,0.8972196188691034
3,2,24,0.9180537772087067,0.8776009791921665,0.897371714643304
3,2,25,0.9182630906768838,0.8789731051344744,0.8981886321049346
3,2,26,0.9169859514687101,0.8782874617737003,0.8972196188691034
3,2,27,0.9180537772087067,0.8776009791921665,0.897371714643304
3,2,28,0.9193341869398207,0.8782874617737003,0.8983421958085706
3,2,29,0.9206145966709347,0.8789731051344744,0.8993120700437772
3,2,30,0.9193341869398207,0.8782874617737003,0.8983421958085706
3,2,31,0.9193341869398207,0.8782874617737003,0.8983421958085706
3,2,32,0.9180537772087067,0.8776009791921665,0.897371714643304
3,2,33,0.9183673469387755,0.8796579108124618,0.8985959438377535
3,2,34,0.9194373401534527,0.8789731051344744,0.89875
3,2,35,0.9207161125319693,0.8796579108124618,0.8997188378631679
3,2,36,0.9194373401534527,0.8789731051344744,0.89875
3,2,37,0.9170918367346939,0.8789731051344744,0.8976279650436954
3,2,38,0.9181585677749361,0.8782874617737003,0.8977805564238824
3,2,39,0.9194373401534527,0.8789731051344744,0.89875
3,2,40,0.9181585677749361,0.8782874617737003,0.8977805564238824
3,2,41,0.9183673469387755,0.8796579108124618,0.8985959438377535
3,2,42,0.9194373401534527,0.8789731051344744,0.89875
3,2,43,0.9170918367346939,0.8789731051344744,0.8976279650436954
3,2,44,0.9181585677749361,0.8782874617737003,0.8977805564238824
3,2,45,0.9207161125319693,0.8796579108124618,0.8997188378631679
3,2,46,0.9194373401534527,0.8789731051344744,0.89875
3,2,47,0.9181585677749361,0.8782874617737003,0.8977805564238824
3,2,48,0.9194373401534527,0.8789731051344744,0.89875
3,2,49,0.9193341869398207,0.8782874617737003,0.8983421958085706
3,2,50,0.9182630906768838,0.8789731051344744,0.8981886321049346
3,3,1,0.9066834804539723,0.8789731051344744,0.8926132836747362
3,3,2,0.9079445145018915,0.8796579108124618,0.8935774123487434
3,3,3,0.9102402022756005,0.8796579108124618,0.8946877912395154
3,3,4,0.9089759797724399,0.8789731051344744,0.8937228091982599
3,3,5,0.9077117572692794,0.8782874617737003,0.8927572272303389
3,3,6,0.9077117572692794,0.8782874617737003,0.8927572272303389
3,3,7,0.9089759797724399,0.8789731051344744,0.8937228091982599
3,3,8,0.9089759797724399,0.8789731051344744,0.8937228091982599
3,3,9,0.9079445145018915,0.8796579108124618,0.8935774123487434
3,3,10,0.9089759797724399,0.8789731051344744,0.8937228091982599
3,3,11,0.9066834804539723,0.8789731051344744,0.8926132836747362
3,3,12,0.9077117572692794,0.8782874617737003,0.8927572272303389
3,3,13,0.9089759797724399,0.8789731051344744,0.8937228091982599
3,3,14,0.9077117572692794,0.8782874617737003,0.8927572272303389
3,3,15,0.9102402022756005,0.8796579108124618,0.8946877912395154
3,3,16,0.9089759797724399,0.8789731051344744,0.8937228091982599
3,3,17,0.910126582278481,0.8789731051344744,0.8942786069651742
3,3,18,0.9088607594936708,0.8782874617737003,0.893312597200622
3,3,19,0.9078282828282829,0.8789731051344744,0.8931677018633541
3,3,20,0.9088607594936708,0.8782874617737003,0.893312597200622
3,3,21,0.9088607594936708,0.8782874617737003,0.893312597200622
3,3,22,0.9075949367088607,0.8776009791921665,0.8923459863098943
3,3,23,0.9065656565656566,0.8782874617737003,0.8922025473749611
3,3,24,0.9075949367088607,0.8776009791921665,0.8923459863098943
3,3,25,0.9078282828282829,0.8789731051344744,0.8931677018633541
3,3,26,0.9065656565656566,0.8782874617737003,0.8922025473749611
3,3,27,0.9088607594936708,0.8782874617737003,0.893312597200622
3,3,28,0.9075949367088607,0.8776009791921665,0.8923459863098943
3,3,29,0.9088607594936708,0.8782874617737003,0.893312597200622
3,3,30,0.9075949367088607,0.8776009791921665,0.8923459863098943
3,3,31,0.910126582278481,0.8789731051344744,0.8942786069651742
3,3,32,0.9088607594936708,0.8782874617737003,0.893312597200622
3,3,33,0.9079445145018915,0.8796579108124618,0.8935774123487434
3,3,34,0.9089759797724399,0.8789731051344744,0.8937228091982599
3,3,35,0.9102402022756005,0.8796579108124618,0.8946877912395154
3,3,36,0.9089759797724399,0.8789731051344744,0.8937228091982599
3,3,37,0.9102402022756005,0.8796579108124618,0.8946877912395154
3,3,38,0.9089759797724399,0.8789731051344744,0.8937228091982599
3,3,39,0.9079445145018915,0.8796579108124618,0.8935774123487434
3,3,40,0.9089759797724399,0.8789731051344744,0.8937228091982599
3,3,41,0.9066834804539723,0.8789731051344744,0.8926132836747362
3,3,42,0.9089759797724399,0.8789731051344744,0.8937228091982599
3,3,43,0.9077117572692794,0.8782874617737003,0.8927572272303389
3,3,44,0.9077117572692794,0.8782874617737003,0.8927572272303389
3,3,45,0.9066834804539723,0.8789731051344744,0.8926132836747362
3,3,46,0.9077117572692794,0.8782874617737003,0.8927572272303389
3,3,47,0.9089759797724399,0.8789731051344744,0.8937228091982599
3,3,48,0.9077117572692794,0.8782874617737003,0.8927572272303389
3,3,49,0.9065656565656566,0.8782874617737003,0.8922025473749611
3,3,50,0.9078282828282829,0.8789731051344744,0.8931677018633541
3,4,1,0.893167701863354,0.8789731051344744,0.8860135551447936
3,4,2,0.8944099378881988,0.8796579108124618,0.8869725900831538
3,4,3,0.8934324659231723,0.8803418803418803,0.8868388683886839
3,4,4,0.8921933085501859,0.8796579108124618,0.8858812673023686
3,4,5,0.893167701863354,0.8789731051344744,0.8860135551447936
3,4,6,0.8944099378881988,0.8796579108124618,0.8869725900831538
3,4,7,0.8944099378881988,0.8796579108124618,0.8869725900831538
3,4,8,0.8956521739130435,0.8803418803418803,0.8879310344827586
3,4,9,0.8934324659231723,0.8803418803418803,0.8868388683886839
3,4,10,0.8956521739130435,0.8803418803418803,0.8879310344827586
3,4,11,0.8921933085501859,0.8796579108124618,0.8858812673023686
3,4,12,0.8944099378881988,0.8796579108124618,0.8869725900831538
3,4,13,0.893167701863354,0.8789731051344744,0.8860135551447936
3,4,14,0.893167701863354,0.8789731051344744,0.8860135551447936
3,4,15,0.8944099378881988,0.8796579108124618,0.8869725900831538
3,4,16,0.8944099378881988,0.8796579108124618,0.8869725900831538
3,4,17,0.8933002481389578,0.8796579108124618,0.8864265927977839
3,4,18,0.8942786069651741,0.8789731051344744,0.8865598027127004
3,4,19,0.8942786069651741,0.8789731051344744,0.8865598027127004
3,4,20,0.8955223880597015,0.8796579108124618,0.8875192604006163
3,4,21,0.892059553349876,0.8789731051344744,0.8854679802955665
3,4,22,0.8930348258706468,0.8782874617737003,0.885599753314832
3,4,23,0.8930348258706468,0.8782874617737003,0.885599753314832
3,4,24,0.8942786069651741,0.8789731051344744,0.8865598027127004
3,4,25,0.8933002481389578,0.8796579108124618,0.8864265927977839
3,4,26,0.892059553349876,0.8789731051344744,0.8854679802955665
3,4,27,0.8930348258706468,0.8782874617737003,0.885599753314832
3,4,28,0.8942786069651741,0.8789731051344744,0.8865598027127004
3,4,29,0.8942786069651741,0.8789731051344744,0.8865598027127004
3,4,30,0.8930348258706468,0.8782874617737003,0.885599753314832
3,4,31,0.8942786069651741,0.8789731051344744,0.8865598027127004
3,4,32,0.8955223880597015,0.8796579108124618,0.8875192604006163
3,4,33,0.8944099378881988,0.8796579108124618,0.8869725900831538
3,4,34,0.8944099378881988,0.8796579108124618,0.8869725900831538
3,4,35,0.8934324659231723,0.8803418803418803,0.8868388683886839
3,4,36,0.8956521739130435,0.8803418803418803,0.8879310344827586
3,4,37,0.8934324659231723,0.8803418803418803,0.8868388683886839
3,4,38,0.8944099378881988,0.8796579108124618,0.8869725900831538
3,4,39,0.8944099378881988,0.8796579108124618,0.8869725900831538
3,4,40,0.8956521739130435,0.8803418803418803,0.8879310344827586
3,4,41,0.8921933085501859,0.8796579108124618,0.8858812673023686
3,4,42,0.893167701863354,0.8789731051344744,0.8860135551447936
3,4,43,0.8944099378881988,0.8796579108124618,0.8869725900831538
3,4,44,0.893167701863354,0.8789731051344744,0.8860135551447936
3,4,45,0.8921933085501859,0.8796579108124618,0.8858812673023686
3,4,46,0.8944099378881988,0.8796579108124618,0.8869725900831538
3,4,47,0.893167701863354,0.8789731051344744,0.8860135551447936
3,4,48,0.893167701863354,0.8789731051344744,0.8860135551447936
3,4,49,0.892059553349876,0.8789731051344744,0.8854679802955665
3,4,50,0.8933002481389578,0.8796579108124618,0.8864265927977839
4,1,1,0.7540842648323302,0.9173640167364017,0.827748938178386
4,1,2,0.7536606373815676,0.9162303664921466,0.8270321361058602
4,1,3,0.7536606373815676,0.9162303664921466,0.8270321361058602
4,1,4,0.7536606373815676,0.9162303664921466,0.8270321361058602
4,1,5,0.7536606373815676,0.9162303664921466,0.8270321361058602
4,1,6,0.7536606373815676,0.9162303664921466,0.8270321361058602
4,1,7,0.7536606373815676,0.9162303664921466,0.8270321361058602
4,1,8,0.7540842648323302,0.9173640167364017,0.827748938178386
4,1,9,0.7536606373815676,0.9162303664921466,0.8270321361058602
4,1,10,0.7536606373815676,0.9162303664921466,0.8270321361058602
4,1,11,0.7536606373815676,0.9162303664921466,0.8270321361058602
4,1,12,0.7540842648323302,0.9173640167364017,0.827748938178386
4,1,13,0.7536606373815676,0.9162303664921466,0.8270321361058602
4,1,14,0.7540842648323302,0.9173640167364017,0.827748938178386
4,1,15,0.7540842648323302,0.9173640167364017,0.827748938178386
4,1,16,0.7549271636675235,0.9196242171189979,0.8291764705882353
4,1,17,0.7538726333907056,0.9167974882260597,0.8273907910271545
4,1,18,0.753448275862069,0.9156626506024096,0.826672972333885
4,1,19,0.753448275862069,0.9156626506024096,0.826672972333885
4,1,20,0.753448275862069,0.9156626506024096,0.826672972333885
4,1,21,0.753448275862069,0.9156626506024096,0.826672972333885
4,1,22,0.753448275862069,0.9156626506024096,0.826672972333885
4,1,23,0.7538726333907056,0.9167974882260597,0.8273907910271545
4,1,24,0.753448275862069,0.9156626506024096,0.826672972333885
4,1,25,0.753448275862069,0.9156626506024096,0.826672972333885
4,1,26,0.753448275862069,0.9156626506024096,0.826672972333885
4,1,27,0.7538726333907056,0.9167974882260597,0.8273907910271545
4,1,28,0.753448275862069,0.9156626506024096,0.826672972333885
4,1,29,0.753448275862069,0.9156626506024096,0.826672972333885
4,1,30,0.7538726333907056,0.9167974882260597,0.8273907910271545
4,1,31,0.7538726333907056,0.9167974882260597,0.8273907910271545
4,1,32,0.7547169811320755,0.9190600522193212,0.8288203437720746
4,1,33,0.7555555555555555,0.921313183949974,0.8302418408077014
4,1,34,0.7551369863013698,0.92018779342723,0.8295320949917706
4,1,35,0.7551369863013698,0.92018779342723,0.8295320949917706
4,1,36,0.7551369863013698,0.92018779342723,0.8295320949917706
4,1,37,0.7551369863013698,0.92018779342723,0.8295320949917706
4,1,38,0.7551369863013698,0.92018779342723,0.8295320949917706
4,1,39,0.7551369863013698,0.92018779342723,0.8295320949917706
4,1,40,0.7555555555555555,0.921313183949974,0.8302418408077014
4,1,41,0.7555555555555555,0.921313183949974,0.8302418408077014
4,1,42,0.7563884156729132,0.9235569422776911,0.8316553500351207
4,1,43,0.7551369863013698,0.92018779342723,0.8295320949917706
4,1,44,0.7555555555555555,0.921313183949974,0.8302418408077014
4,1,45,0.7551369863013698,0.92018779342723,0.8295320949917706
4,1,46,0.7551369863013698,0.92018779342723,0.8295320949917706
4,1,47,0.7551369863013698,0.92018779342723,0.8295320949917706
4,1,48,0.7555555555555555,0.921313183949974,0.8302418408077014
4,1,49,0.7538726333907056,0.9167974882260597,0.8273907910271545
4,1,50,0.753448275862069,0.9156626506024096,0.826672972333885
4,2,1,0.7542955326460481,0.9179299529534762,0.8281065786371139
4,2,2,0.7538726333907056,0.9167974882260597,0.8273907910271545
4,2,3,0.7538726333907056,0.9167974882260597,0.8273907910271545
4,2,4,0.7538726333907056,0.9167974882260597,0.8273907910271545
4,2,5,0.7538726333907056,0.9167974882260597,0.8273907910271545
4,2,6,0.7538726333907056,0.9167974882260597,0.8273907910271545
4,2,7,0.7538726333907056,0.9167974882260597,0.8273907910271545
4,2,8,0.7542955326460481,0.9179299529534762,0.8281065786371139
4,2,9,0.7538726333907056,0.9167974882260597,0.8273907910271545
4,2,10,0.7538726333907056,0.9167974882260597,0.8273907910271545
4,2,11,0.7538726333907056,0.9167974882260597,0.8273907910271545
4,2,12,0.7542955326460481,0.9179299529534762,0.8281065786371139
4,2,13,0.7538726333907056,0.9167974882260597,0.8273907910271545
4,2,14,0.7542955326460481,0.9179299529534762,0.8281065786371139
4,2,15,0.7542955326460481,0.9179299529534762,0.8281065786371139
4,2,16,0.7551369863013698,0.92018779342723,0.8295320949917706
4,2,17,0.7540842648323302,0.9173640167364017,0.827748938178386
4,2,18,0.7536606373815676,0.9162303664921466,0.8270321361058602
4,2,19,0.7536606373815676,0.9162303664921466,0.8270321361058602
4,2,20,0.7536606373815676,0.9162303664921466,0.8270321361058602
4,2,21,0.7536606373815676,0.9162303664921466,0.8270321361058602
4,2,22,0.7536606373815676,0.9162303664921466,0.8270321361058602
4,2,23,0.7540842648323302,0.9173640167364017,0.827748938178386
4,2,24,0.7536606373815676,0.9162303664921466,0.8270321361058602
4,2,25,0.7536606373815676,0.9162303664921466,0.8270321361058602
4,2,26,0.7540842648323302,0.9173640167364017,0.827748938178386
4,2,27,0.7536606373815676,0.9162303664921466,0.8270321361058602
4,2,28,0.7536606373815676,0.9162303664921466,0.8270321361058602
4,2,29,0.7540842648323302,0.9173640167364017,0.827748938178386
4,2,30,0.7549271636675235,0.9196242171189979,0.8291764705882353
4,2,31,0.7536606373815676,0.9162303664921466,0.8270321361058602
4,2,32,0.7540842648323302,0.9173640167364017,0.827748938178386
4,2,33,0.7557643040136636,0.921875,0.8305959643359925
4,2,34,0.7553464499572284,0.9207507820646507,0.8298872180451129
4,2,35,0.7553464499572284,0.9207507820646507,0.8298872180451129
4,2,36,0.7553464499572284,0.9207507820646507,0.8298872180451129
4,2,37,0.7557643040136636,0.921875,0.8305959643359925
4,2,38,0.7553464499572284,0.9207507820646507,0.8298872180451129
4,2,39,0.7553464499572284,0.9207507820646507,0.8298872180451129
4,2,40,0.7553464499572284,0.9207507820646507,0.8298872180451129
4,2,41,0.7557643040136636,0.921875,0.8305959643359925
4,2,42,0.7553464499572284,0.9207507820646507,0.8298872180451129
4,2,43,0.7565957446808511,0.9241164241164241,0.8320074871314928
4,2,44,0.7557643040136636,0.921875,0.8305959643359925
4,2,45,0.7553464499572284,0.9207507820646507,0.8298872180451129
4,2,46,0.7553464499572284,0.9207507820646507,0.8298872180451129
4,2,47,0.7553464499572284,0.9207507820646507,0.8298872180451129
4,2,48,0.7557643040136636,0.921875,0.8305959643359925
4,2,49,0.7540842648323302,0.9173640167364017,0.827748938178386
4,2,50,0.7536606373815676,0.9162303664921466,0.8270321361058602
4,3,1,0.7540842648323302,0.9173640167364017,0.827748938178386
4,3,2,0.7536606373815676,0.9162303664921466,0.8270321361058602
4,3,3,0.7536606373815676,0.9162303664921466,0.8270321361058602
4,3,4,0.7536606373815676,0.9162303664921466,0.8270321361058602
4,3,5,0.7536606373815676,0.9162303664921466,0.8270321361058602
4,3,6,0.7536606373815676,0.9162303664921466,0.8270321361058602
4,3,7,0.7536606373815676,0.9162303664921466,0.8270321361058602
4,3,8,0.7540842648323302,0.9173640167364017,0.827748938178386
4,3,9,0.7536606373815676,0.9162303664921466,0.8270321361058602
4,3,10,0.7536606373815676,0.9162303664921466,0.8270321361058602
4,3,11,0.7536606373815676,0.9162303664921466,0.8270321361058602
4,3,12,0.7540842648323302,0.9173640167364017,0.827748938178386
4,3,13,0.7536606373815676,0.9162303664921466,0.8270321361058602
4,3,14,0.7540842648323302,0.9173640167364017,0.827748938178386
4,3,15,0.7540842648323302,0.9173640167364017,0.827748938178386
4,3,16,0.7549271636675235,0.9196242171189979,0.8291764705882353
4,3,17,0.7538726333907056,0.9167974882260597,0.8273907910271545
4,3,18,0.753448275862069,0.9156626506024096,0.826672972333885
4,3,19,0.753448275862069,0.9156626506024096,0.826672972333885
4,3,20,0.753448275862069,0.9156626506024096,0.826672972333885
4,3,21,0.753448275862069,0.9156626506024096,0.826672972333885
4,3,22,0.753448275862069,0.9156626506024096,0.826672972333885
4,3,23,0.7538726333907056,0.9167974882260597,0.8273907910271545
4,3,24,0.753448275862069,0.9156626506024096,0.826672972333885
4,3,25,0.753448275862069,0.9156626506024096,0.826672972333885
4,3,26,0.7538726333907056,0.9167974882260597,0.8273907910271545
4,3,27,0.753448275862069,0.9156626506024096,0.826672972333885
4,3,28,0.753448275862069,0.9156626506024096,0.826672972333885
4,3,29,0.7538726333907056,0.9167974882260597,0.8273907910271545
4,3,30,0.7547169811320755,0.9190600522193212,0.8288203437720746
4,3,31,0.753448275862069,0.9156626506024096,0.826672972333885
4,3,32,0.7538726333907056,0.9167974882260597,0.8273907910271545
4,3,33,0.7555555555555555,0.921313183949974,0.8302418408077014
4,3,34,0.7551369863013698,0.92018779342723,0.8295320949917706
4,3,35,0.7551369863013698,0.92018779342723,0.8295320949917706
4,3,36,0.7551369863013698,0.92018779342723,0.8295320949917706
4,3,37,0.7555555555555555,0.921313183949974,0.8302418408077014
4,3,38,0.7551369863013698,0.92018779342723,0.8295320949917706
4,3,39,0.7551369863013698,0.92018779342723,0.8295320949917706
4,3,40,0.7551369863013698,0.92018779342723,0.8295320949917706
4,3,41,0.7551369863013698,0.92018779342723,0.8295320949917706
4,3,42,0.7555555555555555,0.921313183949974,0.8302418408077014
4,3,43,0.7555555555555555,0.921313183949974,0.8302418408077014
4,3,44,0.7563884156729132,0.9235569422776911,0.8316553500351207
4,3,45,0.7551369863013698,0.92018779342723,0.8295320949917706
4,3,46,0.7551369863013698,0.92018779342723,0.8295320949917706
4,3,47,0.7551369863013698,0.92018779342723,0.8295320949917706
4,3,48,0.7555555555555555,0.921313183949974,0.8302418408077014
4,3,49,0.7538726333907056,0.9167974882260597,0.8273907910271545
4,3,50,0.753448275862069,0.9156626506024096,0.826672972333885
4,4,1,0.7754199823165341,0.9173640167364017,0.8404408241494968
4,4,2,0.775022143489814,0.9162303664921466,0.8397312859884837
4,4,3,0.775022143489814,0.9162303664921466,0.8397312859884837
4,4,4,0.775022143489814,0.9162303664921466,0.8397312859884837
4,4,5,0.775022143489814,0.9162303664921466,0.8397312859884837
4,4,6,0.775022143489814,0.9162303664921466,0.8397312859884837
4,4,7,0.775022143489814,0.9162303664921466,0.8397312859884837
4,4,8,0.7754199823165341,0.9173640167364017,0.8404408241494968
4,4,9,0.775022143489814,0.9162303664921466,0.8397312859884837
4,4,10,0.775022143489814,0.9162303664921466,0.8397312859884837
4,4,11,0.775022143489814,0.9162303664921466,0.8397312859884837
4,4,12,0.7754199823165341,0.9173640167364017,0.8404408241494968
4,4,13,0.775022143489814,0.9162303664921466,0.8397312859884837
4,4,14,0.7754199823165341,0.9173640167364017,0.8404408241494968
4,4,15,0.7754199823165341,0.9173640167364017,0.8404408241494968
4,4,16,0.7762114537444934,0.9196242171189979,0.8418537983755375
4,4,17,0.7752212389380531,0.9167974882260597,0.8400863102373531
4,4,18,0.774822695035461,0.9156626506024096,0.83937575030012
4,4,19,0.774822695035461,0.9156626506024096,0.83937575030012
4,4,20,0.774822695035461,0.9156626506024096,0.83937575030012
4,4,21,0.774822695035461,0.9156626506024096,0.83937575030012
4,4,22,0.774822695035461,0.9156626506024096,0.83937575030012
4,4,23,0.7752212389380531,0.9167974882260597,0.8400863102373531
4,4,24,0.774822695035461,0.9156626506024096,0.83937575030012
4,4,25,0.774822695035461,0.9156626506024096,0.83937575030012
4,4,26,0.774822695035461,0.9156626506024096,0.83937575030012
4,4,27,0.7752212389380531,0.9167974882260597,0.8400863102373531
4,4,28,0.774822695035461,0.9156626506024096,0.83937575030012
4,4,29,0.774822695035461,0.9156626506024096,0.83937575030012
4,4,30,0.7752212389380531,0.9167974882260597,0.8400863102373531
4,4,31,0.7752212389380531,0.9167974882260597,0.8400863102373531
4,4,32,0.7760141093474426,0.9190600522193212,0.8415013148458044
4,4,33,0.7768014059753954,0.921313183949974,0.8429082240762813
4,4,34,0.7764084507042254,0.92018779342723,0.8422057770350918
4,4,35,0.7764084507042254,0.92018779342723,0.8422057770350918
4,4,36,0.7764084507042254,0.92018779342723,0.8422057770350918
4,4,37,0.7768014059753954,0.921313183949974,0.8429082240762813
4,4,38,0.7764084507042254,0.92018779342723,0.8422057770350918
4,4,39,0.7764084507042254,0.92018779342723,0.8422057770350918
4,4,40,0.7764084507042254,0.92018779342723,0.8422057770350918
4,4,41,0.7764084507042254,0.92018779342723,0.8422057770350918
4,4,42,0.7768014059753954,0.921313183949974,0.8429082240762813
4,4,43,0.7764084507042254,0.92018779342723,0.8422057770350918
4,4,44,0.7764084507042254,0.92018779342723,0.8422057770350918
4,4,45,0.7775831873905429,0.9235569422776911,0.844307107202282
4,4,46,0.7768014059753954,0.921313183949974,0.8429082240762813
4,4,47,0.7768014059753954,0.921313183949974,0.8429082240762813
4,4,48,0.7764084507042254,0.92018779342723,0.8422057770350918
4,4,49,0.7791304347826087,0.928016571724495,0.8470810683053652
4,4,50,0.7787456445993032,0.926905132192846,0.8463905325443787
5,1,1,0.852882703777336,0.8567149276085871,0.8547945205479451
5,1,2,0.8538767395626242,0.8572854291417166,0.8555776892430279
5,1,3,0.8532934131736527,0.855,0.8541458541458541
5,1,4,0.8522954091816367,0.8544272136068034,0.8533599800149888
5,1,5,0.852,0.8532799198798198,0.8526394796097072
5,1,6,0.8522954091816367,0.8544272136068034,0.8533599800149888
5,1,7,0.853,0.8538538538538538,0.8534267133566783
5,1,8,0.8532934131736527,0.855,0.8541458541458541
5,1,9,0.8532934131736527,0.855,0.8541458541458541
5,1,10,0.853,0.8538538538538538,0.8534267133566783
5,1,11,0.8522954091816367,0.8544272136068034,0.8533599800149888
5,1,12,0.852,0.8532799198798198,0.8526394796097072
5,1,13,0.852,0.8532799198798198,0.8526394796097072
5,1,14,0.853,0.8538538538538538,0.8534267133566783
5,1,15,0.853,0.8538538538538538,0.8534267133566783
5,1,16,0.852,0.8532799198798198,0.8526394796097072
5,1,17,0.8532934131736527,0.855,0.8541458541458541
5,1,18,0.8522954091816367,0.8544272136068034,0.8533599800149888
5,1,19,0.852,0.8532799198798198,0.8526394796097072
5,1,20,0.853,0.8538538538538538,0.8534267133566783
5,1,21,0.853,0.8538538538538538,0.8534267133566783
5,1,22,0.853,0.8538538538538538,0.8534267133566783
5,1,23,0.852,0.8532799198798198,0.8526394796097072
5,1,24,0.852,0.8532799198798198,0.8526394796097072
5,1,25,0.852,0.8532799198798198,0.8526394796097072
5,1,26,0.853,0.8538538538538538,0.8534267133566783
5,1,27,0.853,0.8538538538538538,0.8534267133566783
5,1,28,0.852,0.8532799198798198,0.8526394796097072
5,1,29,0.8522954091816367,0.8544272136068034,0.8533599800149888
5,1,30,0.852,0.8532799198798198,0.8526394796097072
5,1,31,0.8532934131736527,0.855,0.8541458541458541
5,1,32,0.853,0.8538538538538538,0.8534267133566783
5,1,33,0.8522954091816367,0.8544272136068034,0.8533599800149888
5,1,34,0.852,0.8532799198798198,0.8526394796097072
5,1,35,0.8532934131736527,0.855,0.8541458541458541
5,1,36,0.853,0.8538538538538538,0.8534267133566783
5,1,37,0.853,0.8538538538538538,0.8534267133566783
5,1,38,0.852,0.8532799198798198,0.8526394796097072
5,1,39,0.852,0.8532799198798198,0.8526394796097072
5,1,40,0.853,0.8538538538538538,0.8534267133566783
5,1,41,0.853,0.8538538538538538,0.8534267133566783
5,1,42,0.852,0.8532799198798198,0.8526394796097072
5,1,43,0.852,0.8532799198798198,0.8526394796097072
5,1,44,0.853,0.8538538538538538,0.8534267133566783
5,1,45,0.853,0.8538538538538538,0.8534267133566783
5,1,46,0.8532934131736527,0.855,0.8541458541458541
5,1,47,0.852,0.8532799198798198,0.8526394796097072
5,1,48,0.8522954091816367,0.8544272136068034,0.8533599800149888
5,1,49,0.852,0.8532799198798198,0.8526394796097072
5,1,50,0.853,0.8538538538538538,0.8534267133566783
5,2,1,0.8269230769230769,0.85785536159601,0.8421052631578946
5,2,2,0.8278846153846153,0.8584247258225324,0.84287812041116
5,2,3,0.828544061302682,0.8606965174129353,0.8443142996583699
5,2,4,0.8275862068965517,0.8601294176207068,0.8435440566268001
5,2,5,0.8265895953757225,0.8567149276085871,0.8413826918362343
5,2,6,0.8269230769230769,0.85785536159601,0.8421052631578946
5,2,7,0.8275529865125241,0.8572854291417166,0.8421568627450979
5,2,8,0.8278846153846153,0.8584247258225324,0.84287812041116
5,2,9,0.8275529865125241,0.8572854291417166,0.8421568627450979
5,2,10,0.8275529865125241,0.8572854291417166,0.8421568627450979
5,2,11,0.8265895953757225,0.8567149276085871,0.8413826918362343
5,2,12,0.8265895953757225,0.8567149276085871,0.8413826918362343
5,2,13,0.8265895953757225,0.8567149276085871,0.8413826918362343
5,2,14,0.8275529865125241,0.8572854291417166,0.8421568627450979
5,2,15,0.8278846153846153,0.8584247258225324,0.84287812041116
5,2,16,0.8269230769230769,0.85785536159601,0.8421052631578946
5,2,17,0.8285714285714286,0.8635235732009926,0.8456865127582017
5,2,18,0.8295238095238096,0.8640873015873016,0.8464528668610302
5,2,19,0.828544061302682,0.8606965174129353,0.8443142996583699
5,2,20,0.8275862068965517,0.8601294176207068,0.8435440566268001
5,2,21,0.8275862068965517,0.8601294176207068,0.8435440566268001
5,2,22,0.8269230769230769,0.85785536159601,0.8421052631578946
5,2,23,0.828544061302682,0.8606965174129353,0.8443142996583699
5,2,24,0.8278846153846153,0.8584247258225324,0.84287812041116
5,2,25,0.828544061302682,0.8606965174129353,0.8443142996583699
5,2,26,0.8278846153846153,0.8584247258225324,0.84287812041116
5,2,27,0.8275862068965517,0.8601294176207068,0.8435440566268001
5,2,28,0.8269230769230769,0.85785536159601,0.8421052631578946
5,2,29,0.8269230769230769,0.85785536159601,0.8421052631578946
5,2,30,0.8278846153846153,0.8584247258225324,0.84287812041116
5,2,31,0.8275529865125241,0.8572854291417166,0.8421568627450979
5,2,32,0.8265895953757225,0.8567149276085871,0.8413826918362343
5,2,33,0.8275529865125241,0.8572854291417166,0.8421568627450979
5,2,34,0.8278846153846153,0.8584247258225324,0.84287812041116
5,2,35,0.8275529865125241,0.8572854291417166,0.8421568627450979
5,2,36,0.8275529865125241,0.8572854291417166,0.8421568627450979
5,2,37,0.8265895953757225,0.8567149276085871,0.8413826918362343
5,2,38,0.8269230769230769,0.85785536159601,0.8421052631578946
5,2,39,0.8265895953757225,0.8567149276085871,0.8413826918362343
5,2,40,0.8265895953757225,0.8567149276085871,0.8413826918362343
5,2,41,0.8275529865125241,0.8572854291417166,0.8421568627450979
5,2,42,0.8265895953757225,0.8567149276085871,0.8413826918362343
5,2,43,0.8275529865125241,0.8572854291417166,0.8421568627450979
5,2,44,0.8265895953757225,0.8567149276085871,0.8413826918362343
5,2,45,0.8269230769230769,0.85785536159601,0.8421052631578946
5,2,46,0.8278846153846153,0.8584247258225324,0.84287812041116
5,2,47,0.8275529865125241,0.8572854291417166,0.8421568627450979
5,2,48,0.8265895953757225,0.8567149276085871,0.8413826918362343
5,2,49,0.828544061302682,0.8606965174129353,0.8443142996583699
5,2,50,0.8275862068965517,0.8601294176207068,0.8435440566268001
5,3,1,0.852,0.8532799198798198,0.8526394796097072
5,3,2,0.853,0.8538538538538538,0.8534267133566783
5,3,3,0.8532934131736527,0.855,0.8541458541458541
5,3,4,0.8522954091816367,0.8544272136068034,0.8533599800149888
5,3,5,0.852,0.8532799198798198,0.8526394796097072
5,3,6,0.852,0.8532799198798198,0.8526394796097072
5,3,7,0.853,0.8538538538538538,0.8534267133566783
5,3,8,0.853,0.8538538538538538,0.8534267133566783
5,3,9,0.853,0.8538538538538538,0.8534267133566783
5,3,10,0.8532934131736527,0.855,0.8541458541458541
5,3,11,0.852,0.8532799198798198,0.8526394796097072
5,3,12,0.8522954091816367,0.8544272136068034,0.8533599800149888
5,3,13,0.852,0.8532799198798198,0.8526394796097072
5,3,14,0.853,0.8538538538538538,0.8534267133566783
5,3,15,0.853,0.8538538538538538,0.8534267133566783
5,3,16,0.852,0.8532799198798198,0.8526394796097072
5,3,17,0.8538767395626242,0.8572854291417166,0.8555776892430279
5,3,18,0.852882703777336,0.8567149276085871,0.8547945205479451
5,3,19,0.852,0.8532799198798198,0.8526394796097072
5,3,20,0.853,0.8538538538538538,0.8534267133566783
5,3,21,0.8532934131736527,0.855,0.8541458541458541
5,3,22,0.8522954091816367,0.8544272136068034,0.8533599800149888
5,3,23,0.852,0.8532799198798198,0.8526394796097072
5,3,24,0.853,0.8538538538538538,0.8534267133566783
5,3,25,0.8532934131736527,0.855,0.8541458541458541
5,3,26,0.8522954091816367,0.8544272136068034,0.8533599800149888
5,3,27,0.852,0.8532799198798198,0.8526394796097072
5,3,28,0.853,0.8538538538538538,0.8534267133566783
5,3,29,0.8532934131736527,0.855,0.8541458541458541
5,3,30,0.853,0.8538538538538538,0.8534267133566783
5,3,31,0.8522954091816367,0.8544272136068034,0.8533599800149888
5,3,32,0.852,0.8532799198798198,0.8526394796097072
5,3,33,0.852,0.8532799198798198,0.8526394796097072
5,3,34,0.8522954091816367,0.8544272136068034,0.8533599800149888
5,3,35,0.853,0.8538538538538538,0.8534267133566783
5,3,36,0.8532934131736527,0.855,0.8541458541458541
5,3,37,0.853,0.8538538538538538,0.8534267133566783
5,3,38,0.853,0.8538538538538538,0.8534267133566783
5,3,39,0.852,0.8532799198798198,0.8526394796097072
5,3,40,0.852,0.8532799198798198,0.8526394796097072
5,3,41,0.8522954091816367,0.8544272136068034,0.8533599800149888
5,3,42,0.852,0.8532799198798198,0.8526394796097072
5,3,43,0.8532934131736527,0.855,0.8541458541458541
5,3,44,0.853,0.8538538538538538,0.8534267133566783
5,3,45,0.853,0.8538538538538538,0.8534267133566783
5,3,46,0.852,0.8532799198798198,0.8526394796097072
5,3,47,0.852,0.8532799198798198,0.8526394796097072
5,3,48,0.853,0.8538538538538538,0.8534267133566783
5,3,49,0.8522954091816367,0.8544272136068034,0.8533599800149888
5,3,50,0.852,0.8532799198798198,0.8526394796097072
5,4,1,0.8538767395626242,0.8572854291417166,0.8555776892430279
5,4,2,0.852882703777336,0.8567149276085871,0.8547945205479451
5,4,3,0.8522954091816367,0.8544272136068034,0.8533599800149888
5,4,4,0.8532934131736527,0.855,0.8541458541458541
5,4,5,0.8532934131736527,0.855,0.8541458541458541
5,4,6,0.853,0.8538538538538538,0.8534267133566783
5,4,7,0.8522954091816367,0.8544272136068034,0.8533599800149888
5,4,8,0.852,0.8532799198798198,0.8526394796097072
5,4,9,0.8522954091816367,0.8544272136068034,0.8533599800149888
5,4,10,0.852,0.8532799198798198,0.8526394796097072
5,4,11,0.8532934131736527,0.855,0.8541458541458541
5,4,12,0.853,0.8538538538538538,0.8534267133566783
5,4,13,0.853,0.8538538538538538,0.8534267133566783
5,4,14,0.852,0.8532799198798198,0.8526394796097072
5,4,15,0.852,0.8532799198798198,0.8526394796097072
5,4,16,0.853,0.8538538538538538,0.8534267133566783
5,4,17,0.853,0.8538538538538538,0.8534267133566783
5,4,18,0.853,0.8538538538538538,0.8534267133566783
5,4,19,0.852,0.8532799198798198,0.8526394796097072
5,4,20,0.852,0.8532799198798198,0.8526394796097072
5,4,21,0.8522954091816367,0.8544272136068034,0.8533599800149888
5,4,22,0.8532934131736527,0.855,0.8541458541458541
5,4,23,0.853,0.8538538538538538,0.8534267133566783
5,4,24,0.852,0.8532799198798198,0.8526394796097072
5,4,25,0.8522954091816367,0.8544272136068034,0.8533599800149888
5,4,26,0.852,0.8532799198798198,0.8526394796097072
5,4,27,0.8532934131736527,0.855,0.8541458541458541
5,4,28,0.853,0.8538538538538538,0.8534267133566783
5,4,29,0.853,0.8538538538538538,0.8534267133566783
5,4,30,0.852,0.8532799198798198,0.8526394796097072
5,4,31,0.852,0.8532799198798198,0.8526394796097072
5,4,32,0.853,0.8538538538538538,0.8534267133566783
5,4,33,0.8532934131736527,0.855,0.8541458541458541
5,4,34,0.8522954091816367,0.8544272136068034,0.8533599800149888
5,4,35,0.852,0.8532799198798198,0.8526394796097072
5,4,36,0.853,0.8538538538538538,0.8534267133566783
5,4,37,0.853,0.8538538538538538,0.8534267133566783
5,4,38,0.852,0.8532799198798198,0.8526394796097072
5,4,39,0.852,0.8532799198798198,0.8526394796097072
5,4,40,0.853,0.8538538538538538,0.8534267133566783
5,4,41,0.853,0.8538538538538538,0.8534267133566783
5,4,42,0.853,0.8538538538538538,0.8534267133566783
5,4,43,0.852,0.8532799198798198,0.8526394796097072
5,4,44,0.852,0.8532799198798198,0.8526394796097072
5,4,45,0.852,0.8532799198798198,0.8526394796097072
5,4,46,0.853,0.8538538538538538,0.8534267133566783
5,4,47,0.8532934131736527,0.855,0.8541458541458541
5,4,48,0.8522954091816367,0.8544272136068034,0.8533599800149888
5,4,49,0.852,0.8532799198798198,0.8526394796097072
5,4,50,0.853,0.8538538538538538,0.8534267133566783
