tid,species,generation,evolves_from_species,evolution_chain,color,shape,habitat,gender_rate,capture_rate,base_happiness,is_baby,hatch_counter,has_gender_differences,growth_rate,forms_switchable,is_legendary,is_mythical,conquest_order
239587,id-70,1,id-69,29,5,5,2,4,120,70,0,20,0,4,0,0,0,
239588,id-71,1,id-70,29,5,5,2,4,45,70,0,20,0,4,0,0,0,
239589,id-72,1,,30,2,10,7,4,190,50,0,20,0,1,0,0,0,
239590,id-73,1,id-72,30,2,10,7,4,60,50,0,20,0,1,0,0,0,
239591,id-74,1,,31,3,4,4,4,255,70,0,15,0,4,0,0,0,
239592,id-75,1,id-74,31,3,12,4,4,120,70,0,15,0,4,0,0,0,
239593,id-76,1,id-75,31,3,12,4,4,45,70,0,15,0,4,0,0,0,
239594,id-77,1,,32,10,8,3,4,190,50,0,20,0,2,0,0,0,
239595,id-78,1,id-77,32,10,8,3,4,60,50,0,20,0,2,0,0,0,
239596,id-79,1,,33,6,8,9,4,190,50,0,20,0,2,0,0,0,
239597,id-748,7,id-747,385,2,10,,4,75,50,0,20,0,2,0,0,0,
239598,id-817,8,id-816,432,2,,,1,45,50,0,20,0,4,0,0,0,
239599,id-112,1,id-111,50,4,6,6,4,60,50,0,20,1,1,0,0,0,161
239600,id-64,1,id-63,27,3,6,8,2,100,50,0,20,1,4,0,0,0,128
239601,id-113,1,id-440,51,6,6,8,8,30,140,0,40,0,3,0,0,0,
239602,id-788,7,,412,7,4,,-1,3,50,0,15,0,1,0,1,0,
239603,id-114,1,,52,2,7,3,4,45,50,0,20,0,2,0,0,0,
239605,id-4,1,,2,8,6,4,1,45,50,0,20,0,4,0,0,0,109
239606,id-5,1,id-4,2,8,6,4,1,45,50,0,20,0,4,0,0,0,110
239607,id-6,1,id-5,2,8,6,4,1,45,50,0,20,0,4,1,0,0,111
239608,id-7,1,,3,2,6,9,1,45,50,0,20,0,4,0,0,0,
239609,id-1,1,,1,5,8,3,1,45,50,0,20,0,4,0,0,0,
239610,id-2,1,id-1,1,5,8,3,1,45,50,0,20,0,4,0,0,0,
239611,id-3,1,id-2,1,5,8,3,1,45,50,0,20,1,4,1,0,0,
239614,id-8,1,id-7,3,2,6,9,1,45,50,0,20,0,4,0,0,0,
239615,id-9,1,id-8,3,2,6,9,1,45,50,0,20,0,4,1,0,0,
239617,id-118,1,,55,8,3,9,4,225,50,0,20,1,2,0,0,0,
239619,id-207,2,,104,7,9,4,4,60,70,0,20,1,4,0,0,0,
239620,id-200,2,,98,4,1,1,4,45,35,0,25,0,3,0,0,0,183
239621,id-201,2,,99,1,1,5,-1,225,70,0,40,0,2,0,0,0,
239622,id-202,2,id-360,100,2,5,1,4,45,50,0,20,1,2,0,0,0,
239623,id-119,1,id-118,55,8,3,9,4,60,50,0,20,1,2,0,0,0,
239624,id-617,5,id-616,312,8,4,,4,75,50,0,15,0,2,0,0,0,
239625,id-616,5,,312,8,1,,4,200,50,0,15,0,2,0,0,0,
239626,id-615,5,,311,2,1,,-1,25,50,0,25,0,2,0,0,0,
239627,id-614,5,id-613,310,9,8,,4,60,50,0,20,0,2,0,0,0,105
239628,id-208,2,id-95,41,4,2,1,4,25,50,0,25,1,2,1,0,0,176
239629,id-209,2,,105,6,12,8,6,190,70,0,20,0,3,0,0,0,
239630,id-611,5,id-610,309,5,6,,4,60,35,0,40,0,1,0,0,0,145
239631,id-610,5,,309,5,6,,4,75,35,0,40,0,1,0,0,0,144
239632,id-828,8,id-827,436,3,,,4,127,50,0,15,0,3,0,0,0,
239633,id-801,7,,422,4,12,,-1,3,0,0,120,0,1,0,0,1,
239634,id-811,8,id-810,430,5,,,1,45,50,0,20,0,4,0,0,0,
239635,id-589,5,id-588,299,4,4,,4,75,50,0,15,0,2,0,0,0,
239636,id-588,5,,299,2,12,,4,200,50,0,15,0,2,0,0,0,
239637,id-810,8,,430,5,,,1,45,50,0,20,0,4,0,0,0,
239638,id-820,8,id-819,433,3,,,4,90,50,0,20,0,2,0,0,0,
239639,id-821,8,,434,2,,,4,255,50,0,15,0,4,0,0,0,
239640,id-240,2,,61,8,6,4,2,45,50,1,25,0,2,0,0,0,
239642,id-168,2,id-167,85,8,14,2,4,90,70,0,15,0,3,0,0,0,
239643,id-770,7,id-769,397,3,2,,4,60,50,0,15,0,2,0,0,0,
239644,id-879,8,id-878,460,5,,,4,90,50,0,25,0,2,0,0,0,
239646,id-873,8,id-872,455,9,,,4,75,50,0,20,0,2,0,0,0,
239648,id-871,8,,454,7,,,4,75,50,0,20,0,2,0,0,0,
239649,id-870,8,,453,10,,,-1,45,50,0,25,0,2,0,0,0,
239650,id-877,8,,459,10,,,4,180,50,0,10,0,2,0,0,0,
239651,id-876,8,,458,7,,,0,30,140,0,40,0,3,0,0,0,
239652,id-875,8,,457,2,,,4,60,50,0,25,0,1,0,0,0,
239653,id-874,8,,456,4,,,4,60,50,0,25,0,1,0,0,0,
239654,id-626,5,,318,3,8,,4,45,50,0,20,0,2,0,0,0,
239655,id-509,5,,261,7,8,,4,255,50,0,20,0,2,0,0,0,
239656,id-508,5,id-507,260,4,8,,4,45,50,0,15,0,4,0,0,0,
239657,id-627,5,,319,9,9,,0,190,50,0,20,0,1,0,0,0,169
239658,id-503,5,id-502,258,2,8,,1,45,70,0,20,0,4,0,0,0,108
239659,id-502,5,id-501,258,2,6,,1,45,70,0,20,0,4,0,0,0,107
239660,id-501,5,,258,2,6,,1,45,70,0,20,0,4,0,0,0,106
239665,id-504,5,,259,3,8,,4,255,70,0,15,0,2,0,0,0,
239668,id-756,7,id-755,389,7,12,,4,75,50,0,20,0,2,0,0,0,
239669,id-804,7,id-803,424,7,9,,-1,45,0,0,120,0,1,0,0,0,
239670,id-160,2,id-159,81,2,6,9,1,45,70,0,20,0,4,0,0,0,
239671,id-622,5,,316,5,12,,-1,190,50,0,25,0,2,0,0,0,
239672,id-623,5,id-622,316,5,12,,-1,90,50,0,25,0,2,0,0,0,
239673,id-488,4,,249,10,2,,8,3,100,0,120,0,1,0,1,0,
239674,id-489,4,,250,2,4,,-1,30,70,0,40,0,1,0,0,1,
239675,id-620,5,id-619,314,7,6,,4,45,50,0,25,0,4,0,0,0,
239676,id-482,4,,243,2,6,,-1,3,140,0,80,0,1,0,1,0,
239677,id-483,4,,244,9,8,,-1,3,0,0,120,0,1,0,1,0,195
239678,id-480,4,,241,10,6,,-1,3,140,0,80,0,1,0,1,0,
239679,id-481,4,,242,6,6,,-1,3,140,0,80,0,1,0,1,0,
239680,id-486,4,,247,9,12,,-1,3,0,0,120,0,1,0,1,0,
239681,id-487,4,,248,1,10,,-1,3,0,0,120,0,1,1,1,0,
239682,id-484,4,,245,7,6,,-1,3,0,0,120,0,1,0,1,0,
239683,id-485,4,,246,3,8,,4,3,100,0,10,0,1,0,1,0,
239684,id-552,5,id-551,281,3,8,,4,90,50,0,20,0,4,0,0,0,67
239685,id-477,4,id-356,182,1,4,,4,45,35,0,25,0,3,0,0,0,71
239687,id-475,4,id-281,140,9,12,,0,45,35,0,20,0,1,1,0,0,12
239688,id-474,4,id-233,68,8,4,,-1,30,50,0,20,0,2,0,0,0,
239689,id-378,3,,194,2,12,1,-1,3,35,0,80,0,1,0,1,0,
239690,id-379,3,,195,4,12,1,-1,3,35,0,80,0,1,0,1,0,193
239691,id-471,4,id-133,67,2,8,,1,45,35,0,35,0,2,0,0,0,8
239692,id-470,4,id-133,67,5,8,,1,45,35,0,35,0,2,0,0,0,7
239693,id-374,3,,192,2,5,6,-1,3,35,0,40,0,1,0,0,0,82
239694,id-375,3,id-374,192,2,4,6,-1,3,35,0,40,0,1,0,0,0,83
239695,id-376,3,id-375,192,2,11,6,-1,3,35,0,40,0,1,1,0,0,84
239697,id-370,3,,190,6,3,7,6,225,70,0,20,0,3,0,0,0,
239699,id-372,3,id-371,191,9,8,6,4,45,35,0,40,0,1,0,0,0,
239700,id-373,3,id-372,191,2,8,6,4,45,35,0,40,0,1,1,0,0,
239701,id-578,5,id-577,294,5,1,,4,100,50,0,20,0,4,0,0,0,
239702,id-579,5,id-578,294,5,4,,4,50,50,0,20,0,4,0,0,0,
239703,id-576,5,id-575,293,7,12,,6,50,50,0,20,0,4,0,0,0,65
239705,id-574,5,,293,7,12,,6,200,50,0,20,0,4,0,0,0,63
239706,id-575,5,id-574,293,7,12,,6,100,50,0,20,0,4,0,0,0,64
239707,id-572,5,,292,4,8,,6,255,50,0,15,0,3,0,0,0,96
239708,id-573,5,id-572,292,4,8,,6,60,50,0,15,0,3,0,0,0,97
239709,id-570,5,,291,4,8,,1,75,50,0,25,0,4,0,0,0,154
239710,id-571,5,id-570,291,4,6,,1,45,50,0,20,0,4,0,0,0,155
239711,id-396,4,,206,3,9,,4,255,70,0,15,1,4,0,0,0,26
239712,id-397,4,id-396,206,3,9,,4,120,70,0,15,1,4,0,0,0,27
239713,id-394,4,id-393,205,2,6,,1,45,70,0,20,0,4,0,0,0,134
239714,id-395,4,id-394,205,2,6,,1,45,70,0,20,0,4,0,0,0,135
239715,id-392,4,id-391,204,3,6,,1,45,70,0,20,0,4,0,0,0,117
239717,id-259,3,id-258,132,2,6,9,1,45,50,0,20,0,4,0,0,0,
239719,id-257,3,id-256,131,8,6,3,1,45,50,0,20,1,4,1,0,0,
239721,id-255,3,,131,8,7,3,1,45,50,0,20,1,4,0,0,0,
239722,id-254,3,id-253,130,5,6,2,1,45,50,0,20,0,4,1,0,0,132
239723,id-253,3,id-252,130,5,6,2,1,45,50,0,20,0,4,0,0,0,131
239724,id-252,3,,130,5,6,2,1,45,50,0,20,0,4,0,0,0,130
239725,id-251,2,,129,5,12,2,-1,45,100,0,120,0,4,0,0,1,
239726,id-250,2,,128,8,9,5,-1,3,0,0,120,0,1,0,1,0,
239728,id-653,6,,338,8,8,,1,45,70,0,20,0,4,0,0,0,
239729,id-652,6,id-651,337,5,6,,1,45,70,0,20,0,4,0,0,0,
239730,id-651,6,id-650,337,5,6,,1,45,70,0,20,0,4,0,0,0,
239731,id-650,6,,337,5,6,,1,45,70,0,20,0,4,0,0,0,
239732,id-657,6,id-656,339,2,12,,1,45,70,0,20,0,4,0,0,0,
239733,id-656,6,,339,2,8,,1,45,70,0,20,0,4,0,0,0,
239734,id-655,6,id-654,338,8,6,,1,45,70,0,20,0,4,0,0,0,
239736,id-659,6,,340,3,6,,4,255,50,0,15,0,2,0,0,0,
239739,id-754,7,id-753,388,6,12,,4,75,50,0,20,0,2,0,0,0,
239740,id-895,8,,473,5,,,-1,3,35,0,120,0,1,0,1,0,
239741,id-894,8,,472,10,,,-1,3,35,0,120,0,1,0,1,0,
239742,id-718,6,,370,5,2,,-1,3,0,0,120,0,1,0,1,0,
239743,id-719,6,,371,6,4,,-1,3,50,0,25,0,1,1,0,1,
239745,id-890,8,,469,7,,,-1,255,0,0,120,0,1,0,1,0,
239746,id-893,8,,471,5,,,-1,3,0,0,120,0,1,0,0,1,
239747,id-892,8,id-891,470,4,,,1,3,50,0,120,0,1,0,1,0,
239748,id-712,6,,366,2,8,,4,190,50,0,20,0,2,0,0,0,
239749,id-713,6,id-712,366,2,8,,4,55,50,0,20,0,2,0,0,0,
239750,id-710,6,,365,3,1,,4,120,50,0,20,0,2,0,0,0,
239751,id-711,6,id-710,365,3,5,,4,60,50,0,20,0,2,0,0,0,
239754,id-714,6,,367,7,9,,4,190,50,0,20,0,2,0,0,0,
239756,id-619,5,,314,10,6,,4,180,50,0,25,0,4,0,0,0,
239758,id-49,1,id-48,20,7,13,2,4,75,70,0,20,0,2,0,0,0,
239759,id-48,1,,20,7,12,2,4,190,70,0,20,0,2,0,0,0,
239760,id-176,2,id-175,87,9,12,2,1,75,50,0,10,0,3,0,0,0,
239761,id-647,5,,334,10,8,,-1,3,35,0,80,0,1,1,0,1,
239762,id-41,1,,17,7,9,1,4,255,50,0,15,1,2,0,0,0,23
239763,id-40,1,id-39,16,6,12,3,6,50,50,0,10,0,3,0,0,0,22
239764,id-43,1,,18,2,7,3,4,255,50,0,20,0,4,0,0,0,
239765,id-42,1,id-41,17,7,9,1,4,90,50,0,15,1,2,0,0,0,24
239766,id-45,1,id-44,18,8,12,3,4,45,50,0,20,1,4,0,0,0,
239767,id-44,1,id-43,18,2,12,3,4,120,50,0,20,1,4,0,0,0,
239768,id-47,1,id-46,19,8,14,2,4,75,70,0,20,0,2,0,0,0,
239769,id-46,1,,19,8,14,2,4,190,70,0,20,0,2,0,0,0,
239770,id-613,5,,310,9,6,,4,120,50,0,20,0,2,0,0,0,104
239771,id-612,5,id-611,309,10,6,,4,45,35,0,40,0,1,0,0,0,146
239773,id-155,2,,80,10,12,3,1,45,70,0,20,0,4,0,0,0,
239774,id-156,2,id-155,80,10,8,3,1,45,70,0,20,0,4,0,0,0,
239775,id-157,2,id-156,80,10,8,3,1,45,70,0,20,0,4,0,0,0,
239776,id-150,1,,77,7,6,5,-1,3,0,0,120,0,1,1,1,0,196
239777,id-151,1,,78,6,6,5,-1,45,100,0,120,0,4,0,0,1,
239782,id-159,2,id-158,81,2,6,9,1,45,70,0,20,0,4,0,0,0,
239783,id-628,5,id-627,319,8,9,,0,60,50,0,20,0,1,0,0,0,170
239784,id-629,5,,320,3,9,,8,190,35,0,20,0,1,0,0,0,
239787,id-885,8,,466,5,,,4,45,50,0,40,0,1,0,0,0,
239788,id-883,8,,464,2,,,-1,45,50,0,35,0,1,0,0,0,
239789,id-880,8,,461,5,,,-1,45,50,0,35,0,1,0,0,0,
239790,id-881,8,,462,2,,,-1,45,50,0,35,0,1,0,0,0,
239791,id-842,8,id-840,442,5,,,4,45,50,0,20,0,5,0,0,0,
239793,id-279,3,id-278,139,10,9,7,4,45,50,0,20,0,2,0,0,0,
239794,id-841,8,id-840,442,5,,,4,45,50,0,20,0,5,0,0,0,
239795,id-846,8,,445,3,,,4,255,50,0,20,0,1,0,0,0,
239797,id-844,8,id-843,443,5,,,4,120,50,0,20,0,2,0,0,0,
239798,id-845,8,,444,2,,,4,45,50,0,20,0,2,0,0,0,
239800,id-849,8,id-848,446,7,,,4,45,50,0,25,0,4,0,0,0,
239801,id-731,7,,377,1,9,,4,255,70,0,15,0,2,0,0,0,
239803,id-533,5,id-532,272,4,12,,2,90,50,0,20,0,4,0,0,0,102
239804,id-439,4,,57,6,12,,4,145,50,1,25,0,2,0,0,0,
239806,id-536,5,id-535,273,2,6,,4,120,50,0,20,0,4,0,0,0,
239807,id-537,5,id-536,273,2,12,,4,45,50,0,20,0,4,0,0,0,
239808,id-534,5,id-533,272,3,12,,2,45,50,0,20,0,4,0,0,0,103
239810,id-433,4,,184,10,12,,4,120,70,1,25,0,3,0,0,0,52
239811,id-432,4,id-431,221,4,8,,6,75,70,0,20,0,3,0,0,0,
239812,id-431,4,,221,4,8,,6,190,70,0,20,0,3,0,0,0,
239813,id-430,4,id-198,97,1,9,,4,30,35,0,20,0,4,0,0,0,
239814,id-437,4,id-436,224,5,4,,-1,90,50,0,20,0,2,0,0,0,
239815,id-436,4,,224,5,1,,-1,255,50,0,20,0,2,0,0,0,
239816,id-435,4,id-434,223,7,8,,4,60,50,0,20,0,2,0,0,0,
239817,id-434,4,,223,7,8,,4,225,50,0,20,0,2,0,0,0,
239818,id-278,3,,139,9,9,7,4,190,50,0,20,0,2,0,0,0,
239821,id-889,8,,468,8,,,-1,10,0,0,120,0,1,0,1,0,
239822,id-808,7,,428,4,,,-1,3,0,0,120,0,1,0,0,1,
239823,id-697,6,id-696,357,8,6,,1,45,50,0,30,0,2,0,0,0,
239824,id-696,6,,357,3,6,,1,45,50,0,30,0,2,0,0,0,
239826,id-694,6,,356,10,6,,4,190,50,0,20,0,2,0,0,0,
239827,id-693,6,id-692,355,2,2,,4,55,50,0,15,0,1,0,0,0,
239829,id-691,6,id-690,354,3,5,,4,55,50,0,20,0,2,0,0,0,
239830,id-690,6,,354,3,5,,4,225,50,0,20,0,2,0,0,0,
239831,id-699,6,id-698,358,2,8,,1,45,50,0,30,0,2,0,0,0,
239832,id-698,6,,358,2,8,,1,45,50,0,30,0,2,0,0,0,
239833,id-327,3,,165,3,6,4,4,255,70,0,15,0,3,0,0,0,
239834,id-326,3,id-325,164,7,6,4,4,60,70,0,20,0,3,0,0,0,
239835,id-325,3,,164,1,4,4,4,255,70,0,20,0,3,0,0,0,
239836,id-324,3,,163,3,8,4,4,90,50,0,20,0,2,0,0,0,
239837,id-288,3,id-287,143,9,6,2,4,120,70,0,15,0,1,0,0,0,
239838,id-289,3,id-288,143,3,12,2,4,45,70,0,15,0,1,0,0,0,
239839,id-321,3,id-320,161,2,3,7,4,60,50,0,40,0,6,0,0,0,
239840,id-320,3,,161,2,3,7,4,125,50,0,40,0,6,0,0,0,
239841,id-284,3,id-283,141,2,13,9,4,75,70,0,15,0,2,0,0,0,
239842,id-285,3,,142,3,7,2,4,255,70,0,15,0,6,0,0,0,
239843,id-286,3,id-285,142,5,6,2,4,90,70,0,15,0,6,0,0,0,
239844,id-287,3,,143,3,8,2,4,255,70,0,15,0,1,0,0,0,
239845,id-280,3,,140,9,12,8,4,235,35,0,20,0,1,0,0,0,9
239846,id-281,3,id-280,140,9,12,8,4,120,35,0,20,0,1,0,0,0,10
239847,id-329,3,id-328,166,5,13,6,4,120,50,0,20,0,4,0,0,0,
239848,id-283,3,,141,2,14,9,4,200,70,0,15,0,2,0,0,0,
239849,id-701,6,,359,5,12,,4,100,50,0,20,0,2,0,0,0,
239850,id-448,4,id-447,232,2,6,,1,45,50,0,25,0,4,1,0,0,51
239851,id-449,4,,233,3,8,,4,140,50,0,30,1,1,0,0,0,
239854,id-444,4,id-443,230,2,6,,4,45,50,0,40,1,1,0,0,0,86
239855,id-445,4,id-444,230,2,6,,4,45,50,0,40,1,1,1,0,0,87
239856,id-442,4,,229,7,5,,4,100,50,0,30,0,2,0,0,0,187
239857,id-443,4,,230,2,6,,4,45,50,0,40,1,1,0,0,0,85
239858,id-440,4,,51,6,12,,8,130,140,1,40,0,3,0,0,0,
239859,id-441,4,,228,1,9,,4,30,35,0,20,0,4,0,0,0,
239860,id-266,3,id-265,135,9,1,2,4,120,70,0,15,0,2,0,0,0,
239861,id-267,3,id-266,135,10,13,2,4,45,70,0,15,1,2,0,0,0,
239864,id-89,1,id-88,38,7,4,8,4,75,70,0,20,0,2,0,0,0,
239865,id-88,1,,38,7,4,8,4,190,70,0,20,0,2,0,0,0,
239867,id-108,1,,48,6,6,3,4,45,50,0,20,0,2,0,0,0,
239868,id-85,1,id-84,36,3,7,3,4,45,70,0,20,1,2,0,0,0,
239870,id-87,1,id-86,37,9,3,7,4,75,70,0,20,0,2,0,0,0,
239873,id-80,1,id-79,33,6,6,9,4,75,50,0,20,0,2,1,0,0,
239874,id-83,1,,35,3,9,3,4,45,50,0,20,0,2,0,0,0,
239876,id-351,3,,179,4,1,3,4,45,70,0,25,0,2,1,0,0,
239878,id-350,3,id-349,178,6,2,9,4,60,50,0,20,1,5,0,0,0,
239879,id-198,2,,97,1,9,2,4,30,35,0,20,1,4,0,0,0,
239881,id-211,2,,106,4,3,7,4,45,50,0,20,0,2,0,0,0,
239882,id-210,2,id-209,105,7,6,8,6,75,70,0,20,0,3,0,0,0,
239885,id-215,2,,109,1,6,2,4,60,35,0,20,1,4,0,0,0,181
239886,id-214,2,,108,2,12,2,4,45,50,0,25,1,1,1,0,0,
239887,id-190,2,,93,7,6,2,4,45,70,0,20,1,3,0,0,0,
239889,id-192,2,id-191,94,10,12,3,4,120,70,0,20,0,4,0,0,0,
239890,id-193,2,,95,8,13,2,4,75,70,0,20,0,2,0,0,0,
239891,id-194,2,,96,2,7,9,4,255,50,0,20,1,2,0,0,0,18
239892,id-195,2,id-194,96,2,6,9,4,90,50,0,20,1,2,0,0,0,19
239893,id-196,2,id-133,67,7,8,8,1,45,50,0,35,0,2,0,0,0,5
239894,id-197,2,id-133,67,1,8,8,1,45,35,0,35,0,2,0,0,0,6
239895,id-67,1,id-66,28,4,12,4,2,90,50,0,20,0,4,0,0,0,99
239896,id-359,3,,185,9,8,4,4,30,35,0,25,0,4,1,0,0,
239897,id-755,7,,389,7,5,,4,190,50,0,20,0,2,0,0,0,
239898,id-66,1,,28,4,6,4,2,180,50,0,20,0,4,0,0,0,98
239899,id-795,7,,416,9,12,,-1,45,0,0,120,0,1,0,0,0,
239901,id-16,1,,6,3,9,2,4,255,70,0,15,0,4,0,0,0,
239902,id-17,1,id-16,6,3,9,2,4,120,70,0,15,0,4,0,0,0,
239903,id-14,1,id-13,5,10,2,2,4,120,70,0,15,0,2,0,0,0,
239904,id-15,1,id-14,5,10,13,2,4,45,70,0,15,0,2,1,0,0,177
239905,id-12,1,id-11,4,9,13,2,4,45,50,0,15,1,2,0,0,0,
239906,id-13,1,,5,3,14,2,4,255,70,0,15,0,2,0,0,0,
239907,id-10,1,,4,5,14,2,4,255,50,0,15,0,2,0,0,0,
239908,id-11,1,id-10,4,5,2,2,4,120,50,0,15,0,2,0,0,0,
239910,id-583,5,id-582,296,9,5,,4,120,50,0,20,0,1,0,0,0,
239912,id-18,1,id-17,6,3,9,2,4,45,70,0,15,0,4,1,0,0,
239913,id-19,1,,7,7,8,3,4,255,70,0,15,1,2,0,0,0,
239914,id-494,5,,255,10,12,,-1,3,100,0,120,0,1,0,0,1,
239915,id-61,1,id-60,26,2,12,9,4,120,50,0,20,0,4,0,0,0,
239916,id-60,1,,26,2,7,9,4,255,50,0,20,0,4,0,0,0,
239917,id-802,7,,423,4,12,,-1,3,0,0,120,0,1,0,0,1,
239918,id-582,5,,296,9,5,,4,255,50,0,20,0,1,0,0,0,
239919,id-591,5,id-590,300,9,4,,4,75,50,0,20,0,2,0,0,0,
239920,id-741,7,,381,8,9,,6,45,70,0,20,0,2,0,0,0,
239921,id-400,4,id-399,207,3,6,,4,127,70,0,15,1,2,0,0,0,30
239922,id-401,4,,208,8,12,,4,255,70,0,15,1,4,0,0,0,
239924,id-407,4,id-315,158,5,12,,4,75,50,0,20,1,4,0,0,0,
239925,id-598,5,id-597,304,4,10,,4,90,50,0,20,0,2,0,0,0,
239927,id-599,5,,305,4,11,,-1,130,50,0,20,0,4,0,0,0,
239929,id-814,8,id-813,431,4,,,1,45,50,0,20,0,4,0,0,0,
239930,id-745,7,id-744,383,3,8,,4,90,50,0,15,0,2,0,0,0,
239931,id-408,4,,211,2,6,,1,45,70,0,30,0,5,0,0,0,
239932,id-499,5,id-498,257,8,6,,1,45,70,0,20,0,4,0,0,0,122
239933,id-498,5,,257,8,8,,1,45,70,0,20,0,4,0,0,0,121
239935,id-491,4,,252,1,12,,-1,3,0,0,120,0,1,0,0,1,
239936,id-490,4,,250,2,12,,-1,3,70,0,10,0,1,0,0,1,
239937,id-493,4,,254,9,8,,-1,3,0,0,120,0,1,1,0,1,199
239939,id-495,5,,256,5,6,,1,45,70,0,20,0,4,0,0,0,118
239942,id-496,5,id-495,256,5,6,,1,45,70,0,20,0,4,0,0,0,119
239943,id-792,7,id-790,413,7,9,,-1,45,0,0,120,0,1,0,1,0,
239944,id-793,7,,414,9,10,,-1,45,0,0,120,0,1,0,0,0,
239946,id-276,3,,138,2,9,3,4,200,70,0,15,0,4,0,0,0,
239947,id-796,7,,417,1,6,,-1,45,0,0,120,0,1,0,0,0,
239948,id-797,7,,418,5,12,,-1,45,0,0,120,0,1,0,0,0,
239949,id-794,7,,415,8,10,,-1,45,0,0,120,0,1,0,0,0,
239950,id-744,7,,383,3,8,,4,190,50,0,15,0,2,0,0,0,
239951,id-752,7,id-751,387,5,14,,4,100,50,0,15,0,2,0,0,0,
239952,id-799,7,,420,1,6,,-1,45,0,0,120,0,1,0,0,0,
239954,id-403,4,,209,2,8,,4,235,50,0,20,1,4,0,0,0,34
239955,id-369,3,,189,4,3,7,1,25,50,0,40,1,1,0,0,0,
239957,id-406,4,,158,5,12,,4,255,50,1,20,0,4,0,0,0,
239958,id-273,3,,137,3,7,2,4,255,50,0,15,0,4,0,0,0,
239959,id-404,4,id-403,209,2,8,,4,120,100,0,20,1,4,0,0,0,35
239960,id-405,4,id-404,209,2,8,,4,45,50,0,20,1,4,0,0,0,36
239961,id-363,3,,187,2,3,7,4,255,50,0,20,0,4,0,0,0,60
239963,id-361,3,,186,4,12,1,4,190,50,0,20,0,2,0,0,0,93
239964,id-272,3,id-271,136,5,12,9,4,45,50,0,15,1,4,0,0,0,
239965,id-367,3,id-366,188,2,2,7,4,60,70,0,20,0,5,0,0,0,
239966,id-366,3,,188,2,1,7,4,255,70,0,20,0,5,0,0,0,
239968,id-364,3,id-363,187,2,3,7,4,120,50,0,20,0,4,0,0,0,61
239969,id-172,2,,10,10,8,2,4,190,50,1,10,0,2,0,0,0,15
239970,id-569,5,id-568,290,5,12,,4,60,50,0,20,0,2,0,0,0,
239971,id-568,5,,290,5,12,,4,190,50,0,20,0,2,0,0,0,
239972,id-173,2,,14,6,6,4,6,150,140,1,10,0,3,0,0,0,
239973,id-565,5,id-564,288,2,6,,1,45,50,0,30,0,2,0,0,0,
239974,id-564,5,,288,2,8,,1,45,50,0,30,0,2,0,0,0,
239975,id-567,5,id-566,289,10,9,,1,45,50,0,30,0,2,0,0,0,
239976,id-566,5,,289,10,9,,1,45,50,0,30,0,2,0,0,0,
239977,id-561,5,,286,1,9,,4,45,50,0,20,0,2,0,0,0,
239978,id-170,2,,86,2,3,7,4,190,50,0,20,0,1,0,0,0,
239979,id-563,5,id-562,287,10,5,,4,90,50,0,25,0,2,0,0,0,
239981,id-385,3,,201,10,12,4,-1,3,100,0,120,0,1,0,0,1,
239982,id-384,3,,200,5,2,5,-1,45,0,0,120,0,1,1,1,0,200
239983,id-228,2,,118,1,8,6,4,120,35,0,20,0,1,0,0,0,
239984,id-229,2,id-228,118,1,8,6,4,45,35,0,20,1,1,1,0,0,
239985,id-381,3,,197,2,9,9,0,3,90,0,120,0,1,1,1,0,
239986,id-380,3,,196,8,9,9,8,3,90,0,120,0,1,1,1,0,
239987,id-383,3,,199,8,6,6,-1,3,0,0,120,0,1,1,1,0,194
239989,id-222,2,,113,6,14,7,6,60,50,0,20,0,3,0,0,0,
239990,id-223,2,,114,4,3,7,4,190,50,0,20,0,2,0,0,0,
239991,id-220,2,,112,3,8,1,4,225,50,0,20,0,1,0,0,0,
239992,id-221,2,id-220,112,3,8,1,4,75,50,0,20,1,1,0,0,0,
239993,id-226,2,id-458,116,7,9,7,4,25,50,0,25,0,1,0,0,0,
239994,id-227,2,,117,4,9,6,4,25,50,0,25,0,1,0,0,0,
239995,id-224,2,id-223,114,8,10,7,4,75,50,0,20,1,2,0,0,0,
239996,id-225,2,,115,8,9,4,4,45,50,0,20,0,3,0,0,0,
239997,id-531,5,,271,6,6,,4,255,50,0,20,0,3,1,0,0,185
239998,id-174,2,,16,6,12,3,6,170,50,1,10,0,3,0,0,0,20
239999,id-740,7,id-739,380,9,14,,4,60,70,0,20,0,2,0,0,0,
240000,id-175,2,,87,9,12,2,1,190,50,1,10,0,3,0,0,0,
240001,id-560,5,id-559,285,8,6,,4,90,50,0,15,0,2,0,0,0,166
240002,id-709,6,id-708,364,3,10,,4,60,50,0,20,0,2,0,0,0,
240003,id-708,6,,364,3,4,,4,120,50,0,20,0,2,0,0,0,
240004,id-318,3,,160,8,3,7,4,225,35,0,20,0,1,0,0,0,
240005,id-319,3,id-318,160,2,3,7,4,60,35,0,20,0,1,1,0,0,
240007,id-317,3,id-316,159,7,4,3,4,75,70,0,20,1,6,0,0,0,
240008,id-314,3,,157,7,12,2,8,150,70,0,15,0,6,0,0,0,
240009,id-315,3,id-406,158,5,12,3,4,150,50,0,20,1,4,0,0,0,
240010,id-312,3,,155,10,6,3,4,200,70,0,20,0,2,0,0,0,
240011,id-313,3,,156,4,6,2,0,150,70,0,15,0,5,0,0,0,
240012,id-310,3,id-309,153,10,8,3,4,45,50,0,20,0,1,1,0,0,
240013,id-311,3,,154,10,6,3,4,200,70,0,20,0,2,0,0,0,
240016,id-134,1,id-133,67,2,8,8,1,45,50,0,35,0,2,0,0,0,2
240018,id-132,1,,66,7,1,8,-1,35,50,0,20,0,2,0,0,0,
240020,id-130,1,id-129,64,2,2,9,4,45,50,0,5,1,1,1,0,0,14
240021,id-131,1,,65,2,3,7,4,45,50,0,40,0,1,0,0,0,190
240022,id-105,1,id-104,46,3,6,4,4,75,50,0,20,0,2,0,0,0,
240023,id-387,4,,203,5,8,,1,45,70,0,20,0,4,0,0,0,
240025,id-139,1,id-138,69,2,10,7,1,45,50,0,30,0,2,0,0,0,
240027,id-59,1,id-58,25,3,8,3,2,75,50,0,20,0,1,0,0,0,
240028,id-52,1,,22,10,8,8,4,255,50,0,20,0,2,0,0,0,58
240031,id-51,1,id-50,21,3,11,1,4,50,50,0,20,0,2,0,0,0,
240032,id-56,1,,24,3,6,4,4,190,70,0,20,0,2,0,0,0,
240033,id-57,1,id-56,24,3,6,4,4,75,70,0,20,0,2,0,0,0,
240034,id-54,1,,23,10,6,9,4,190,50,0,20,0,2,0,0,0,
240036,id-104,1,,46,3,6,4,4,190,50,0,20,0,2,0,0,0,
240037,id-660,6,id-659,340,3,6,,4,127,50,0,15,0,2,0,0,0,
240038,id-743,7,id-742,382,10,13,,4,75,50,0,20,0,2,0,0,0,
240039,id-143,1,id-446,72,1,12,4,1,25,50,0,40,0,1,0,0,0,179
240040,id-142,1,,71,7,9,4,1,45,50,0,35,0,1,1,0,0,
240041,id-141,1,id-140,70,3,6,7,1,45,50,0,30,0,2,0,0,0,
240042,id-140,1,,70,3,14,7,1,45,50,0,30,0,2,0,0,0,
240043,id-147,1,,76,2,2,9,4,45,35,0,40,0,1,0,0,0,76
240044,id-146,1,,75,10,9,5,-1,3,35,0,80,0,1,0,1,0,
240045,id-145,1,,74,10,9,5,-1,3,35,0,80,0,1,0,1,0,
240047,id-149,1,id-148,76,3,6,9,4,45,35,0,40,0,1,0,0,0,78
240049,id-639,5,,326,4,8,,-1,3,35,0,80,0,1,0,1,0,191
240050,id-638,5,,325,2,8,,-1,3,35,0,80,0,1,0,1,0,
240051,id-661,6,,341,8,9,,4,255,50,0,15,0,4,0,0,0,
240052,id-590,5,,300,9,4,,4,190,50,0,20,0,2,0,0,0,
240053,id-389,4,id-388,203,5,8,,1,45,70,0,20,0,4,0,0,0,
240054,id-742,7,,382,10,14,,4,190,50,0,20,0,2,0,0,0,
240055,id-388,4,id-387,203,5,8,,1,45,70,0,20,0,4,0,0,0,
240057,id-538,5,,274,8,12,,0,45,50,0,20,0,2,0,0,0,
240059,id-851,8,id-850,447,8,,,4,75,50,0,20,0,2,0,0,0,
240060,id-850,8,,447,8,,,4,190,50,0,20,0,2,0,0,0,
240061,id-853,8,id-852,448,2,,,4,45,50,0,25,0,4,0,0,0,
240062,id-852,8,,448,3,,,4,180,50,0,25,0,4,0,0,0,
240065,id-857,8,id-856,450,6,,,8,120,50,0,20,0,1,0,0,0,
240066,id-856,8,,450,6,,,8,235,50,0,20,0,1,0,0,0,
240068,id-858,8,id-857,450,6,,,8,45,50,0,20,0,1,0,0,0,
240070,id-521,5,id-520,266,4,9,,4,45,50,0,15,1,4,0,0,0,
240071,id-520,5,id-519,266,4,9,,4,120,50,0,15,0,4,0,0,0,
240072,id-523,5,id-522,267,1,8,,4,75,70,0,20,0,2,0,0,0,75
240073,id-522,5,,267,1,8,,4,190,70,0,20,0,2,0,0,0,74
240074,id-525,5,id-524,268,2,10,,4,120,50,0,15,0,4,0,0,0,41
240075,id-524,5,,268,2,7,,4,255,50,0,15,0,4,0,0,0,40
240076,id-527,5,,269,2,9,,4,190,50,0,15,0,2,0,0,0,
240077,id-526,5,id-525,268,2,10,,4,45,50,0,15,0,4,0,0,0,42
240078,id-529,5,,270,4,6,,4,120,50,0,20,0,2,0,0,0,152
240079,id-528,5,id-527,269,2,9,,4,45,50,0,15,0,2,0,0,0,
240080,id-806,7,,426,9,12,,-1,30,0,0,120,0,1,0,0,0,
240081,id-750,7,id-749,386,3,8,,4,60,50,0,20,0,2,0,0,0,
240083,id-779,7,,405,6,3,,4,80,70,0,15,0,2,0,0,0,
240084,id-700,6,id-133,67,6,8,,1,45,50,0,35,0,2,0,0,0,
240085,id-352,3,,180,5,6,2,4,200,70,0,20,0,4,0,0,0,
240086,id-353,3,,181,1,1,8,4,225,35,0,25,0,3,0,0,0,
240087,id-299,3,,147,4,12,1,4,255,70,0,20,0,2,0,0,0,
240088,id-298,3,,90,2,7,9,6,150,50,1,10,0,3,0,0,0,
240089,id-356,3,id-355,182,1,12,2,4,90,35,0,25,0,3,0,0,0,70
240091,id-354,3,id-353,181,1,6,8,4,45,35,0,25,0,3,1,0,0,
240092,id-355,3,,182,1,4,2,4,190,35,0,25,0,3,0,0,0,69
240093,id-293,3,,145,6,6,1,4,190,50,0,20,0,4,0,0,0,
240094,id-292,3,id-290,144,3,5,2,-1,45,50,0,15,0,5,0,0,0,
240096,id-290,3,,144,4,14,2,4,255,50,0,15,0,5,0,0,0,
240097,id-297,3,id-296,146,3,12,4,2,200,70,0,20,0,6,0,0,0,
240098,id-296,3,,146,10,12,4,2,180,70,0,20,0,6,0,0,0,
240099,id-295,3,id-294,145,2,6,1,4,45,50,0,20,0,4,0,0,0,
240100,id-294,3,id-293,145,2,6,1,4,120,50,0,20,0,4,0,0,0,
240101,id-594,5,,302,6,3,,4,75,70,0,40,0,3,0,0,0,
240102,id-595,5,,303,10,14,,4,190,50,0,20,0,2,0,0,0,147
240103,id-596,5,id-595,303,10,14,,4,75,50,0,20,0,2,0,0,0,148
240104,id-597,5,,304,4,1,,4,255,50,0,20,0,2,0,0,0,
240105,id-459,4,,239,9,6,,4,120,50,0,20,1,1,0,0,0,
240106,id-458,4,,116,2,9,,4,25,50,1,25,0,1,0,0,0,
240107,id-592,5,,301,9,10,,4,190,50,0,20,1,2,0,0,0,
240108,id-593,5,id-592,301,9,10,,4,60,50,0,20,1,2,0,0,0,
240109,id-455,4,,236,5,10,,4,200,70,0,25,0,1,0,0,0,186
240110,id-454,4,id-453,235,2,12,,4,75,50,0,20,1,2,0,0,0,89
240111,id-457,4,id-456,237,2,3,,4,75,70,0,20,1,5,0,0,0,
240112,id-456,4,,237,2,3,,4,190,70,0,20,1,5,0,0,0,
240113,id-451,4,,234,7,14,,4,120,50,0,20,0,1,0,0,0,156
240115,id-453,4,,235,2,12,,4,140,100,0,10,1,2,0,0,0,88
240117,id-275,3,id-274,137,3,12,2,4,45,50,0,15,1,4,0,0,0,
240118,id-274,3,id-273,137,3,12,2,4,120,50,0,15,1,4,0,0,0,
240120,id-179,2,,89,9,8,3,4,235,70,0,20,0,4,0,0,0,45
240123,id-98,1,,43,8,14,9,4,225,50,0,20,0,2,0,0,0,
240124,id-99,1,id-98,43,8,14,9,4,60,50,0,20,0,2,0,0,0,
240125,id-96,1,,42,10,12,3,4,190,70,0,20,0,2,0,0,0,
240127,id-94,1,id-93,40,7,6,1,4,45,50,0,20,0,4,1,0,0,114
240128,id-95,1,,41,4,2,1,4,45,50,0,25,0,2,0,0,0,175
240130,id-93,1,id-92,40,7,4,1,4,90,50,0,20,0,4,0,0,0,113
240132,id-91,1,id-90,39,7,1,7,4,60,50,0,20,0,1,0,0,0,
240133,id-187,2,,92,6,6,3,4,255,70,0,20,0,4,0,0,0,
240136,id-184,2,id-183,90,2,6,9,4,75,50,0,10,0,3,0,0,0,
240137,id-183,2,id-298,90,2,6,9,4,190,50,0,10,0,3,0,0,0,
240138,id-182,2,id-44,18,5,12,3,4,45,50,0,20,0,4,0,0,0,
240139,id-181,2,id-180,89,10,6,3,4,45,70,0,20,0,4,1,0,0,47
240140,id-180,2,id-179,89,6,6,3,4,120,70,0,20,0,4,0,0,0,46
240142,id-189,2,id-188,92,2,6,3,4,45,70,0,20,0,4,0,0,0,
240143,id-188,2,id-187,92,5,6,3,4,120,70,0,20,0,4,0,0,0,
240144,id-679,6,,349,3,5,,4,180,50,0,20,0,2,0,0,0,
240146,id-772,7,,399,4,8,,-1,3,0,0,120,0,1,0,0,0,
240147,id-773,7,id-772,399,4,8,,-1,3,0,0,120,0,1,0,0,0,
240148,id-774,7,,400,3,1,,-1,30,70,0,25,0,4,0,0,0,
240149,id-775,7,,401,2,12,,4,45,70,0,20,0,1,0,0,0,
240150,id-776,7,,402,8,6,,4,70,50,0,20,0,2,0,0,0,
240151,id-777,7,,403,4,6,,4,180,50,0,10,0,2,0,0,0,
240152,id-671,6,id-670,344,9,4,,8,45,70,0,20,0,2,0,0,0,
240153,id-670,6,id-669,344,9,4,,8,120,70,0,20,0,2,0,0,0,
240154,id-673,6,id-672,345,3,8,,4,45,70,0,20,0,2,0,0,0,
240155,id-672,6,,345,3,8,,4,200,70,0,20,0,2,0,0,0,
240157,id-674,6,,346,9,6,,4,220,50,0,25,0,2,0,0,0,
240158,id-677,6,,348,4,6,,4,190,50,0,20,0,2,0,0,0,
240159,id-676,6,,347,9,8,,4,160,70,0,20,0,2,1,0,0,
240160,id-110,1,id-109,49,7,11,8,4,60,50,0,20,0,2,0,0,0,
240161,id-23,1,,9,7,2,3,4,255,70,0,20,0,2,0,0,0,54
240162,id-22,1,id-21,8,3,9,6,4,90,70,0,15,0,2,0,0,0,
240163,id-21,1,,8,3,9,6,4,255,70,0,15,0,2,0,0,0,
240164,id-20,1,id-19,7,3,8,3,4,127,70,0,15,1,2,0,0,0,
240165,id-27,1,,11,10,6,6,4,255,50,0,20,0,2,0,0,0,
240166,id-26,1,id-25,10,10,6,2,4,75,50,0,10,1,2,0,0,0,17
240167,id-25,1,id-172,10,10,8,2,4,190,50,0,10,1,2,0,0,0,16
240168,id-24,1,id-23,9,7,2,3,4,90,70,0,20,0,2,0,0,0,55
240170,id-323,3,id-322,162,8,8,4,4,150,70,0,20,1,2,1,0,0,
240171,id-29,1,,12,2,8,3,8,235,50,0,20,0,4,0,0,0,
240172,id-28,1,id-27,11,10,6,6,4,90,50,0,20,0,2,0,0,0,
240173,id-751,7,,387,5,7,,4,200,50,0,15,0,2,0,0,0,
240174,id-703,6,,361,4,1,,-1,60,50,0,25,0,1,0,0,0,
240176,id-702,6,,360,10,6,,4,180,50,0,20,0,2,0,0,0,
240177,id-111,1,,50,4,8,6,4,120,50,0,20,1,1,0,0,0,160
240178,id-705,6,id-704,362,7,2,,4,45,35,0,40,0,1,0,0,0,
240179,id-704,6,,362,7,2,,4,45,35,0,40,0,1,0,0,0,
240181,id-177,2,,88,5,9,2,4,190,50,0,20,0,2,0,0,0,
240182,id-706,6,id-705,362,7,6,,4,45,35,0,40,0,1,0,0,0,
240183,id-621,5,,315,8,6,,4,45,50,0,30,0,2,0,0,0,
240186,id-823,8,id-822,434,7,,,4,45,50,0,15,0,4,0,0,0,
240187,id-781,7,,407,5,5,,-1,25,50,0,25,0,2,0,0,0,
240189,id-783,7,id-782,408,4,6,,4,45,50,0,40,0,1,0,0,0,
240190,id-782,7,,408,4,8,,4,45,50,0,40,0,1,0,0,0,
240191,id-785,7,,409,10,4,,-1,3,50,0,15,0,1,0,1,0,
240192,id-784,7,id-783,408,4,6,,4,45,50,0,40,0,1,0,0,0,
240193,id-787,7,,411,8,4,,-1,3,50,0,15,0,1,0,1,0,
240194,id-786,7,,410,6,4,,-1,3,50,0,15,0,1,0,1,0,
240195,id-789,7,,413,2,1,,-1,45,0,0,120,0,1,0,1,0,
240196,id-473,4,id-221,112,3,8,,4,50,50,0,20,1,1,0,0,0,
240199,id-410,4,,212,4,8,,1,45,70,0,30,0,5,0,0,0,163
240200,id-413,4,id-412,213,5,5,,8,45,70,0,15,0,2,0,0,0,
240201,id-412,4,,213,5,5,,4,120,70,0,15,0,2,1,0,0,
240202,id-415,4,,214,10,11,,1,120,50,0,15,1,4,0,0,0,
240203,id-414,4,id-412,213,10,13,,0,45,70,0,15,0,2,0,0,0,
240205,id-416,4,id-415,214,10,13,,8,45,50,0,15,0,4,0,0,0,
240206,id-419,4,id-418,216,3,8,,4,75,70,0,20,1,2,0,0,0,
240208,id-822,8,id-821,434,2,,,4,120,50,0,15,0,4,0,0,0,
240209,id-809,7,,429,4,,,-1,3,0,0,120,0,1,0,0,1,
240210,id-824,8,,435,2,,,4,255,50,0,15,0,2,0,0,0,
240211,id-825,8,id-824,435,10,,,4,120,50,0,15,0,2,0,0,0,
240212,id-826,8,id-825,435,8,,,4,45,50,0,15,0,2,0,0,0,
240214,id-558,5,id-557,284,8,14,,4,75,50,0,20,0,2,0,0,0,
240215,id-559,5,,285,10,6,,4,180,35,0,15,0,2,0,0,0,165
240216,id-807,7,,427,10,12,,-1,3,0,0,120,0,1,0,0,1,
240217,id-550,5,,280,5,3,,4,25,50,0,40,0,2,0,0,0,
240218,id-551,5,,281,3,8,,4,180,50,0,20,0,4,0,0,0,66
240219,id-116,1,,54,2,5,7,4,225,50,0,20,0,2,0,0,0,
240220,id-553,5,id-552,281,8,6,,4,45,50,0,20,0,4,0,0,0,68
240221,id-554,5,,282,8,12,,4,120,50,0,20,0,4,0,0,0,142
240223,id-556,5,,283,5,5,,4,255,50,0,20,0,2,0,0,0,
240224,id-557,5,,284,8,14,,4,190,50,0,20,0,2,0,0,0,
240225,id-239,2,,60,10,12,3,2,45,50,1,25,0,2,0,0,0,
240226,id-238,2,,59,6,12,8,8,45,50,1,25,0,2,0,0,0,
240227,id-805,7,,425,4,8,,-1,30,0,0,120,0,1,0,0,0,
240229,id-231,2,,119,2,8,6,4,120,70,0,20,0,2,0,0,0,
240232,id-232,2,id-231,119,4,8,6,4,60,70,0,20,1,2,0,0,0,
240233,id-235,2,,121,9,6,8,4,45,70,0,20,0,3,0,0,0,
240234,id-234,2,,120,3,8,2,4,45,70,0,20,0,1,0,0,0,
240235,id-237,2,id-236,47,3,6,8,0,45,50,0,25,0,2,0,0,0,
240236,id-236,2,,47,7,12,8,0,75,50,1,25,0,2,0,0,0,
240237,id-479,4,,240,8,1,,-1,45,50,0,20,0,2,1,0,0,
240238,id-262,3,id-261,133,4,8,3,4,127,70,0,15,0,2,0,0,0,
240239,id-478,4,id-361,186,9,4,,8,75,50,0,20,0,2,0,0,0,95
240243,id-736,7,,379,4,14,,4,255,50,0,15,0,2,0,0,0,
240244,id-737,7,id-736,379,5,2,,4,120,50,0,15,0,2,0,0,0,
240245,id-730,7,id-729,376,2,3,,1,45,50,0,15,0,4,0,0,0,
240247,id-732,7,id-731,377,1,9,,4,120,70,0,15,0,2,0,0,0,
240248,id-733,7,id-732,377,1,9,,4,45,70,0,15,0,2,0,0,0,
240249,id-261,3,,133,4,8,3,4,255,70,0,15,0,2,0,0,0,
240250,id-738,7,id-737,379,2,14,,4,45,50,0,15,0,2,0,0,0,
240251,id-739,7,,380,7,14,,4,225,70,0,20,0,2,0,0,0,
240252,id-107,1,id-236,47,3,12,8,0,45,50,0,25,0,2,0,0,0,
240253,id-309,3,,153,5,8,3,4,120,50,0,20,0,1,0,0,0,
240254,id-308,3,id-307,152,8,12,4,4,90,70,0,20,1,2,1,0,0,
240255,id-106,1,id-236,47,3,12,8,0,45,50,0,25,0,2,0,0,0,
240257,id-304,3,,151,4,8,4,4,180,35,0,35,0,1,0,0,0,149
240260,id-301,3,id-300,148,7,8,2,6,60,70,0,15,0,3,0,0,0,
240261,id-300,3,,148,6,8,2,6,255,70,0,15,0,3,0,0,0,
240262,id-303,3,,150,1,12,1,4,45,50,0,20,0,3,1,0,0,
240263,id-302,3,,149,7,12,1,4,45,35,0,25,0,4,1,0,0,
240264,id-125,1,id-239,60,10,6,3,2,45,50,0,25,0,2,0,0,0,
240265,id-124,1,id-238,59,8,12,8,8,45,50,0,25,0,2,0,0,0,
240266,id-127,1,,62,3,12,2,4,45,50,0,25,0,1,1,0,0,
240267,id-126,1,id-240,61,8,6,4,2,45,50,0,25,0,2,0,0,0,
240268,id-121,1,id-120,56,7,5,7,-1,60,50,0,20,0,1,0,0,0,
240270,id-123,1,,58,5,13,3,4,45,50,0,25,1,2,0,0,0,188
240271,id-122,1,id-439,57,6,12,8,4,45,50,0,25,0,2,0,0,0,
240273,id-129,1,,64,8,3,9,4,255,50,0,5,1,1,0,0,0,13
240274,id-128,1,,63,3,8,3,0,45,50,0,20,0,1,0,0,0,
240275,id-69,1,,29,5,12,2,4,255,70,0,20,0,4,0,0,0,
240276,id-68,1,id-67,28,4,12,4,2,45,50,0,20,0,4,0,0,0,100
240277,id-268,3,id-265,135,7,1,2,4,120,70,0,15,0,2,0,0,0,
240278,id-543,5,,277,8,14,,4,255,50,0,15,0,4,0,0,0,31
240280,id-539,5,,275,2,12,,0,45,50,0,20,0,2,0,0,0,
240281,id-600,5,id-599,305,4,11,,-1,60,50,0,20,0,4,0,0,0,
240282,id-601,5,id-600,305,4,11,,-1,30,50,0,20,0,4,0,0,0,
240284,id-603,5,id-602,306,2,3,,4,60,70,0,20,0,1,0,0,0,
240285,id-604,5,id-603,306,2,3,,4,30,70,0,20,0,1,0,0,0,
240286,id-605,5,,307,2,6,,4,255,50,0,20,0,2,0,0,0,
240288,id-607,5,,308,9,5,,4,190,50,0,20,0,4,0,0,0,37
240289,id-608,5,id-607,308,1,4,,4,90,50,0,20,0,4,0,0,0,38
240290,id-609,5,id-608,308,1,4,,4,45,50,0,20,0,4,0,0,0,39
240292,id-869,8,id-868,452,9,,,8,100,50,0,20,0,2,0,0,0,
240293,id-549,5,id-548,279,5,5,,8,75,50,0,20,0,2,0,0,0,44
240297,id-390,4,,204,3,6,,1,45,70,0,20,0,4,0,0,0,115
240298,id-634,5,id-633,323,2,8,,4,45,35,0,40,0,1,0,0,0,91
240299,id-391,4,id-390,204,3,6,,1,45,70,0,20,0,4,0,0,0,116
240300,id-637,5,id-636,324,9,13,,4,15,50,0,40,0,1,0,0,0,174
240301,id-636,5,,324,9,14,,4,45,50,0,40,0,1,0,0,0,173
240303,id-630,5,id-629,320,3,9,,8,60,35,0,20,0,1,0,0,0,
240305,id-632,5,,322,4,14,,4,90,50,0,20,0,2,0,0,0,
240306,id-868,8,,452,9,,,8,200,50,0,20,0,2,0,0,0,
240307,id-398,4,id-397,206,3,9,,4,45,70,0,15,1,4,0,0,0,28
240308,id-864,8,id-222,113,9,,,6,30,50,0,20,0,3,0,0,0,
240309,id-865,8,id-83,35,9,,,4,45,50,0,20,0,2,0,0,0,
240310,id-866,8,id-122,57,7,,,4,45,50,0,25,0,2,0,0,0,
240311,id-399,4,,207,3,8,,4,255,70,0,15,1,2,0,0,0,29
240312,id-860,8,id-859,451,6,,,0,120,50,0,20,0,2,0,0,0,
240313,id-861,8,id-860,451,7,,,0,45,50,0,20,0,2,0,0,0,
240315,id-863,8,id-52,22,3,,,4,90,50,0,20,0,2,0,0,0,
240318,id-519,5,,266,4,9,,4,255,50,0,15,0,4,0,0,0,
240319,id-514,5,id-513,263,8,6,,1,75,70,0,20,0,2,0,0,0,139
240320,id-515,5,,264,2,6,,1,190,70,0,20,0,2,0,0,0,140
240321,id-516,5,id-515,264,2,6,,1,75,70,0,20,0,2,0,0,0,141
240322,id-517,5,,265,6,8,,4,190,50,0,10,0,3,0,0,0,72
240324,id-511,5,,262,5,6,,1,190,70,0,20,0,2,0,0,0,136
240325,id-512,5,id-511,262,5,6,,1,75,70,0,20,0,2,0,0,0,137
240327,id-746,7,,384,2,3,,4,60,50,0,15,0,3,0,0,0,
240329,id-213,2,,107,10,14,4,4,190,50,0,20,0,4,0,0,0,
240330,id-343,3,,175,3,4,6,-1,255,50,0,20,0,2,0,0,0,
240333,id-344,3,id-343,175,1,4,6,-1,90,50,0,20,0,2,0,0,0,
240335,id-212,2,id-123,58,8,13,3,4,25,50,0,25,1,2,1,0,0,189
240336,id-349,3,,178,3,3,9,4,255,50,0,20,0,5,0,0,0,
240337,id-348,3,id-347,177,4,6,9,1,45,50,0,30,0,5,0,0,0,172
240338,id-668,6,id-667,343,3,8,,7,65,70,0,20,1,4,0,0,0,
240339,id-468,4,id-176,87,9,9,,1,30,50,0,10,0,3,0,0,0,
240340,id-469,4,id-193,95,5,13,,4,30,70,0,20,0,2,0,0,0,
240341,id-581,5,id-580,295,9,9,,4,45,70,0,20,0,2,0,0,0,
240342,id-580,5,,295,2,9,,4,190,70,0,20,0,2,0,0,0,
240343,id-587,5,,298,9,8,,4,200,50,0,20,0,2,0,0,0,180
240344,id-586,5,id-585,297,3,8,,4,75,70,0,20,0,2,1,0,0,
240345,id-585,5,,297,6,8,,4,190,70,0,20,0,2,1,0,0,
240346,id-584,5,id-583,296,9,11,,4,45,50,0,20,0,1,0,0,0,
240347,id-460,4,id-459,239,9,6,,4,60,50,0,20,1,1,1,0,0,
240348,id-461,4,id-215,109,1,6,,4,45,35,0,20,1,4,0,0,0,182
240349,id-462,4,id-82,34,4,4,,-1,30,50,0,20,0,2,0,0,0,
240350,id-463,4,id-108,48,6,12,,4,30,50,0,20,0,2,0,0,0,
240352,id-465,4,id-114,52,2,12,,4,30,50,0,20,1,2,0,0,0,
240353,id-466,4,id-125,60,10,6,,2,30,50,0,25,0,2,0,0,0,
240354,id-467,4,id-126,61,8,6,,2,30,50,0,25,0,2,0,0,0,
240355,id-169,2,id-42,17,7,13,1,4,90,50,0,15,0,2,0,0,0,25
240356,id-241,2,,122,6,6,3,8,45,50,0,20,0,1,0,0,0,
240357,id-242,2,id-113,51,6,12,8,8,30,140,0,40,0,3,0,0,0,
240358,id-243,2,,123,10,8,3,-1,3,35,0,80,0,1,0,1,0,
240359,id-244,2,,124,3,8,3,-1,3,35,0,80,0,1,0,1,0,
240360,id-245,2,,125,2,8,3,-1,3,35,0,80,0,1,0,1,0,
240361,id-246,2,,126,5,6,4,4,45,35,0,40,0,1,0,0,0,79
240362,id-247,2,id-246,126,4,2,4,4,45,35,0,40,0,1,0,0,0,80
240363,id-248,2,id-247,126,5,6,4,4,45,35,0,40,0,1,1,0,0,81
240364,id-249,2,,127,9,9,5,-1,3,0,0,120,0,1,0,1,0,
240366,id-162,2,id-161,82,3,8,3,4,90,70,0,15,0,2,0,0,0,
240367,id-165,2,,84,8,9,2,4,255,70,0,15,1,3,0,0,0,
240369,id-167,2,,85,5,14,2,4,255,70,0,15,0,3,0,0,0,
240370,id-166,2,id-165,84,8,9,2,4,90,70,0,15,1,3,0,0,0,
240371,id-662,6,id-661,341,8,9,,4,120,50,0,15,0,4,0,0,0,
240372,id-663,6,id-662,341,8,9,,4,45,50,0,15,0,4,0,0,0,
240373,id-219,2,id-218,111,8,2,4,4,75,70,0,20,0,2,0,0,0,
240374,id-644,5,,331,1,6,,-1,3,0,0,120,0,1,0,1,0,198
240375,id-645,5,,332,3,4,,0,3,90,0,120,0,1,1,1,0,
240376,id-646,5,,333,4,6,,-1,3,0,0,120,0,1,1,1,0,
240377,id-218,2,,111,8,2,4,4,190,70,0,20,0,2,0,0,0,
240378,id-640,5,,327,5,8,,-1,3,35,0,80,0,1,0,1,0,
240380,id-642,5,,329,2,4,,0,3,90,0,120,0,1,1,1,0,
240381,id-643,5,,330,9,9,,-1,3,0,0,120,0,1,0,1,0,197
240382,id-666,6,id-665,342,9,13,,4,45,70,0,15,0,2,0,0,0,
240383,id-654,6,id-653,338,8,6,,1,45,70,0,20,0,4,0,0,0,
240384,id-648,5,,335,9,12,,-1,3,100,0,120,0,1,1,0,1,
240385,id-649,5,,336,7,12,,-1,3,0,0,120,0,1,1,0,1,
240388,id-887,8,id-886,466,5,,,4,45,50,0,40,0,1,0,0,0,
240390,id-812,8,id-811,430,5,,,1,45,50,0,20,0,4,0,0,0,
240391,id-882,8,,463,5,,,-1,45,50,0,35,0,1,0,0,0,
240392,id-664,6,,342,1,14,,4,255,70,0,15,0,2,0,0,0,
240395,id-767,7,,396,4,10,,4,90,50,0,20,0,2,0,0,0,
240397,id-765,7,,394,9,12,,4,45,50,0,20,0,1,0,0,0,
240398,id-665,6,id-664,342,1,5,,4,120,70,0,15,0,2,0,0,0,
240399,id-763,7,id-762,392,7,12,,8,45,50,0,20,0,4,0,0,0,
240400,id-762,7,id-761,392,7,12,,8,120,50,0,20,0,4,0,0,0,
240401,id-761,7,,392,7,7,,8,235,50,0,20,0,4,0,0,0,
240402,id-760,7,id-759,391,6,6,,4,70,50,0,15,0,2,0,0,0,
240404,id-771,7,,398,1,2,,4,60,50,0,15,0,3,0,0,0,
240405,id-38,1,id-37,15,10,8,3,6,75,50,0,20,0,2,0,0,0,
240407,id-34,1,id-33,13,7,6,3,0,45,50,0,20,0,4,0,0,0,
240408,id-35,1,id-173,14,6,6,4,6,150,140,0,10,0,3,0,0,0,
240410,id-37,1,,15,3,8,3,6,190,50,0,20,0,2,0,0,0,
240412,id-31,1,id-30,12,2,6,3,8,45,50,0,20,0,4,0,0,0,
240413,id-32,1,,13,7,8,3,0,235,50,0,20,0,4,0,0,0,
240414,id-33,1,id-32,13,7,8,3,0,120,50,0,20,0,4,0,0,0,
240415,id-624,5,,317,8,12,,4,120,35,0,20,0,2,0,0,0,158
240417,id-896,8,,474,9,,,-1,3,35,0,120,0,1,0,1,0,
240418,id-530,5,id-529,270,4,12,,4,60,50,0,20,0,2,0,0,0,153
240420,id-723,7,id-722,374,3,9,,1,45,50,0,15,0,4,0,0,0,
240421,id-722,7,,374,3,9,,1,45,50,0,15,0,4,0,0,0,
240422,id-829,8,,437,5,,,4,190,50,0,20,0,2,0,0,0,
240423,id-764,7,,393,5,1,,6,60,50,0,20,0,3,0,0,0,
240424,id-898,8,,476,5,,,-1,3,100,0,120,0,1,0,1,0,
240425,id-749,7,,386,3,8,,4,190,50,0,20,0,2,0,0,0,
240426,id-818,8,id-817,432,2,,,1,45,50,0,20,0,4,0,0,0,
240427,id-729,7,id-728,376,2,3,,1,45,50,0,15,0,4,0,0,0,
240428,id-683,6,id-682,350,6,12,,4,140,50,0,20,0,2,0,0,0,
240429,id-837,8,,441,1,,,4,255,50,0,15,0,4,0,0,0,
240430,id-836,8,id-835,440,10,,,4,45,50,0,20,0,3,0,0,0,
240431,id-835,8,,440,10,,,4,255,50,0,20,0,3,0,0,0,
240433,id-833,8,,439,5,,,4,255,50,0,20,0,2,0,0,0,
240436,id-830,8,id-829,437,5,,,4,75,50,0,20,0,2,0,0,0,
240437,id-542,5,id-541,276,10,12,,4,45,70,0,15,0,4,0,0,0,126
240438,id-839,8,id-838,441,1,,,4,45,50,0,15,0,4,0,0,0,
240440,id-547,5,id-546,278,5,12,,4,75,50,0,20,0,2,0,0,0,49
240441,id-546,5,,278,5,1,,4,190,50,0,20,0,2,0,0,0,48
240446,id-541,5,id-540,276,5,4,,4,120,70,0,15,0,4,0,0,0,125
240447,id-540,5,,276,10,14,,4,255,70,0,15,0,4,0,0,0,124
240448,id-424,4,id-190,93,7,6,,4,45,100,0,20,1,3,0,0,0,
240450,id-426,4,id-425,219,7,4,,4,60,50,0,30,0,6,0,0,0,168
240451,id-427,4,,220,3,6,,4,190,0,0,20,0,2,0,0,0,
240453,id-421,4,id-420,217,7,7,,4,75,50,0,20,0,2,1,0,0,
240454,id-422,4,,218,7,2,,4,190,50,0,20,0,2,0,0,0,
240456,id-340,3,id-339,173,2,3,9,4,75,50,0,20,0,2,0,0,0,
240457,id-120,1,,56,3,5,7,-1,225,50,0,20,0,1,0,0,0,
240458,id-815,8,id-814,431,9,,,1,45,50,0,20,0,4,0,0,0,
240461,id-721,6,,373,3,8,,-1,3,100,0,120,0,1,0,0,1,
240462,id-720,6,,372,7,4,,-1,3,100,0,120,0,1,0,0,1,
240463,id-727,7,id-726,375,8,6,,1,45,50,0,15,0,4,0,0,0,
240464,id-726,7,id-725,375,8,8,,1,45,50,0,15,0,4,0,0,0,
240465,id-725,7,,375,8,8,,1,45,50,0,15,0,4,0,0,0,
240466,id-724,7,id-723,374,3,9,,1,45,50,0,15,0,4,0,0,0,
240468,id-681,6,id-680,349,3,5,,4,45,50,0,20,0,2,1,0,0,
240469,id-682,6,,350,6,4,,4,200,50,0,20,0,2,0,0,0,
240470,id-346,3,id-345,176,5,5,7,1,45,50,0,30,0,5,0,0,0,
240471,id-684,6,,351,9,7,,4,200,50,0,20,0,2,0,0,0,
240472,id-685,6,id-684,351,9,12,,4,140,50,0,20,0,2,0,0,0,
240473,id-686,6,,352,2,10,,4,190,50,0,20,0,2,0,0,0,
240475,id-338,3,,172,8,1,1,-1,45,50,0,25,0,3,0,0,0,
240477,id-330,3,id-329,166,5,9,6,4,45,50,0,20,0,4,0,0,0,
240478,id-331,3,,167,5,12,6,4,190,35,0,20,0,4,0,0,0,
240479,id-332,3,id-331,167,5,12,6,4,60,35,0,20,1,4,0,0,0,
240480,id-333,3,,168,2,9,2,4,255,50,0,20,0,5,0,0,0,
240481,id-334,3,id-333,168,2,9,2,4,45,50,0,20,0,5,1,0,0,
240484,id-337,3,,171,10,1,1,-1,45,50,0,25,0,3,0,0,0,
240485,rec-54-dup-0,1,,23,10,6,7,4,190,50,0,20,0,2,0,0,1,
240486,rec-29-dup-0,1,,12,2,7,2,8,235,50,0,20,0,4,0,0,0,
240488,rec-813-dup-0,6,,431,9,,,1,45,50,0,20,0,4,0,1,0,
240490,rec-152-dup-1,2,,79,2,8,3,1,45,70,0,20,0,4,0,0,1,
240491,rec-240-dup-1,2,,61,8,6,1,2,45,50,1,25,0,2,0,1,0,
240492,rec-438-dup-0,4,,91,3,8,,4,255,50,1,20,0,2,0,,0,
240493,rec-568-dup-1,5,,290,5,6,,4,190,50,0,20,0,2,0,0,1,
240494,rec-34-dup-1,1,rec-33-dup-0,13,7,12,2,0,45,50,0,20,0,4,0,0,0,
240495,rec-10-dup-0,1,,4,2,14,3,4,255,50,0,15,0,2,0,0,0,
240496,rec-416-dup-0,4,id-415,214,10,9,,8,45,50,0,15,0,4,0,1,0,
240498,rec-829-dup-1,3,,437,2,,,4,190,50,0,20,0,2,0,0,0,
240499,rec-800-dup-1,7,,421,2,14,,-1,255,0,0,120,0,1,0,1,0,
240500,rec-101-dup-0,1,id-100,44,6,1,8,-1,60,70,0,20,0,2,0,0,1,
240501,rec-79-dup-0,1,,33,6,7,9,4,190,50,0,20,0,2,0,1,0,
240502,rec-832-dup-1,5,rec-831-dup-0,438,9,,,4,127,50,0,15,0,2,0,1,0,
240503,rec-169-dup-1,2,rec-42-dup-0,17,,13,6,4,90,50,0,15,0,2,0,0,0,25
240504,rec-866-dup-1,8,id-122,57,6,,,4,45,50,0,25,0,2,0,0,1,
240507,rec-563-dup-0,5,id-562,287,9,11,,4,90,50,0,25,0,2,0,0,0,
240509,rec-889-dup-0,8,,468,8,,,-1,10,0,0,120,0,1,0,0,1,
240510,rec-364-dup-1,3,id-363,187,2,,9,4,120,50,0,20,0,4,0,0,0,61
240511,rec-141-dup-0,1,id-140,70,3,6,7,1,45,50,0,30,0,2,0,,1,
240512,rec-544-dup-0,4,id-543,277,4,1,,4,120,50,0,15,0,4,0,1,0,32
240514,rec-246-dup-0,2,,126,,6,6,4,45,35,0,40,0,1,0,0,0,79
240515,rec-299-dup-0,3,,147,4,12,4,4,255,70,0,20,0,2,0,0,1,
240516,rec-801-dup-1,8,,422,1,12,,-1,3,0,0,120,0,1,0,0,1,
240517,rec-831-dup-1,8,,438,10,,,4,255,50,0,15,0,2,0,,0,
240518,rec-456-dup-0,8,,237,5,3,,4,190,70,0,20,1,5,0,0,0,
240519,rec-361-dup-1,8,,186,4,12,1,4,190,50,0,20,0,2,0,0,,93
240521,rec-290-dup-0,3,,144,,14,2,4,255,50,0,15,0,5,0,0,1,
240522,rec-539-dup-0,5,,275,5,12,,0,45,50,0,20,0,2,0,1,0,
240523,rec-520-dup-0,5,id-519,266,3,9,,4,120,50,0,15,0,4,0,1,0,
240524,rec-886-dup-0,8,id-885,466,2,,,4,45,50,0,40,0,1,0,0,1,
240525,rec-442-dup-1,4,,229,6,5,,4,100,50,0,30,0,2,0,0,1,187
240526,rec-626-dup-0,5,,318,1,8,,4,45,50,0,20,0,2,0,1,0,
240527,rec-738-dup-0,7,id-737,379,1,14,,4,45,50,0,15,0,2,0,1,0,
240529,rec-96-dup-0,1,,42,10,6,3,4,190,70,0,20,0,2,0,0,1,
240530,rec-443-dup-1,4,,230,5,6,,4,45,50,0,40,1,1,0,1,0,85
240531,rec-616-dup-1,3,,312,7,1,,4,200,50,0,15,0,2,0,0,0,
240532,rec-551-dup-1,5,,281,8,8,,4,180,50,0,20,0,4,0,1,0,66
240534,rec-130-dup-0,1,id-129,64,1,2,9,4,45,50,0,5,1,1,1,1,0,14
240536,rec-507-dup-0,8,id-506,260,4,8,,4,120,50,0,15,0,4,0,1,0,
240537,rec-199-dup-0,2,rec-79-dup-0,33,6,6,7,4,70,50,0,20,0,2,0,1,0,
240538,rec-616-dup-0,5,,312,8,11,,4,200,50,0,15,0,2,0,0,1,
240539,rec-437-dup-0,4,rec-436-dup-0,224,2,4,,-1,90,50,0,20,0,2,0,1,0,
240540,rec-356-dup-0,3,id-355,182,1,12,3,4,90,35,0,25,0,3,0,1,0,70
240543,rec-556-dup-0,5,,283,5,11,,4,255,50,0,20,0,2,0,0,1,
240544,rec-547-dup-0,5,rec-546-dup-0,278,5,6,,4,75,50,0,20,0,2,0,1,0,49
240546,rec-375-dup-0,3,id-374,192,2,14,6,-1,3,35,0,40,0,1,0,1,0,83
240547,rec-463-dup-0,5,id-108,48,6,,,4,30,50,0,20,0,2,0,0,0,
240548,rec-647-dup-0,5,,334,9,7,,-1,3,35,0,80,0,1,1,0,1,
240549,rec-204-dup-0,2,,102,4,5,3,4,190,70,0,20,0,2,0,0,0,56
240550,rec-854-dup-0,8,,449,,,,-1,120,50,0,20,0,2,0,0,1,
240551,rec-372-dup-1,3,id-371,191,10,7,6,4,45,35,0,40,0,1,0,0,0,
240553,rec-574-dup-0,6,,293,,12,,6,200,50,0,20,0,4,0,0,0,63
240555,rec-282-dup-0,8,rec-281-dup-0,140,9,6,8,4,45,35,0,20,0,1,1,0,0,11
240556,rec-179-dup-1,2,,89,10,7,3,4,235,70,0,20,0,4,0,0,0,45
240557,rec-641-dup-1,5,,328,2,4,,0,3,90,0,120,0,1,1,1,1,
240558,rec-345-dup-0,4,,176,7,1,7,1,45,50,0,30,0,5,0,0,0,
240560,rec-127-dup-0,1,,62,4,6,2,4,45,50,0,25,0,1,1,0,0,
240561,rec-557-dup-0,3,,284,7,14,,4,190,50,0,20,0,2,0,0,0,
240562,rec-660-dup-0,6,id-659,340,1,12,,4,127,50,0,15,0,2,0,0,0,
240563,rec-606-dup-0,8,rec-605-dup-0,307,3,6,,4,90,50,0,20,0,2,0,0,0,
240564,rec-443-dup-0,4,,230,2,12,,4,45,50,0,40,1,1,0,1,0,85
240565,rec-721-dup-0,6,,373,3,8,,-1,3,100,0,120,0,1,0,1,0,
240566,rec-448-dup-0,8,rec-447-dup-0,232,2,12,,1,45,50,0,25,0,4,1,0,0,51
240569,rec-544-dup-1,5,id-543,277,3,5,,4,120,50,0,15,0,4,0,0,0,32
240572,rec-598-dup-0,4,id-597,304,,10,,4,90,50,0,20,0,2,0,0,0,
240574,rec-29-dup-1,1,,12,2,7,3,8,235,50,0,20,0,4,0,1,0,
240575,rec-42-dup-0,1,id-41,17,8,9,1,4,90,50,0,15,1,2,0,1,0,24
240576,rec-124-dup-1,1,id-238,59,8,6,5,8,45,50,0,25,0,2,0,0,1,
240577,rec-439-dup-0,4,,57,8,12,,4,145,50,1,25,0,2,0,1,0,
240578,rec-300-dup-0,3,,148,6,7,3,6,255,70,0,15,0,3,0,0,0,
240579,rec-481-dup-0,4,,242,8,12,,-1,3,140,0,80,0,1,0,1,0,
240580,rec-311-dup-1,7,,154,10,12,3,4,200,70,0,20,0,2,0,0,0,
240581,rec-88-dup-0,1,,38,8,14,8,4,190,70,0,20,0,2,0,0,0,
240583,rec-309-dup-0,3,,153,2,8,2,4,120,50,0,20,0,1,0,0,0,
240584,rec-669-dup-0,6,,344,10,,,8,225,70,0,20,0,2,0,0,0,
240585,rec-398-dup-1,7,rec-397-dup-1,206,8,9,,4,45,70,0,15,1,4,0,0,0,28
240586,rec-302-dup-0,3,,149,8,12,1,4,45,35,0,25,0,4,1,1,0,
240587,rec-583-dup-0,5,rec-582-dup-0,296,10,5,,4,120,50,0,20,0,1,0,1,0,
240589,rec-704-dup-0,5,,362,6,2,,4,45,35,0,40,0,1,0,0,0,
240590,rec-549-dup-0,8,id-548,279,5,5,,8,75,50,0,20,0,2,0,0,1,44
240592,rec-829-dup-0,8,,437,2,,,4,190,50,0,20,0,2,0,1,0,
240593,rec-568-dup-0,5,,290,2,6,,4,190,50,0,20,0,2,0,0,0,
240594,rec-867-dup-0,4,id-562,287,4,,,4,90,50,0,25,0,2,0,,0,
240595,rec-252-dup-0,3,,130,2,12,2,1,45,50,0,20,0,4,0,0,0,130
240596,rec-146-dup-0,1,,75,10,13,5,-1,3,35,0,80,0,1,0,0,0,
240598,rec-281-dup-0,3,rec-280-dup-0,140,10,12,5,4,120,35,0,20,0,1,0,0,0,10
240599,rec-520-dup-1,5,id-519,266,4,,,4,120,50,0,15,0,4,0,0,1,
240600,rec-550-dup-0,7,,280,2,3,,4,25,50,0,40,0,2,0,0,0,
240601,rec-419-dup-0,4,id-418,216,3,7,,4,75,70,0,20,1,2,0,0,1,
240603,rec-153-dup-0,2,rec-152-dup-1,79,2,7,3,1,45,70,0,20,0,4,0,0,0,
240604,rec-368-dup-0,3,id-366,188,8,2,7,4,60,70,0,20,0,5,0,1,0,
240605,rec-214-dup-0,2,,108,3,12,2,4,45,50,0,25,1,1,1,1,0,
240606,rec-694-dup-0,6,,356,10,12,,4,190,50,0,20,0,2,0,1,0,
240607,rec-136-dup-1,1,id-133,67,7,7,5,1,45,50,0,35,0,2,0,0,0,4
240608,rec-556-dup-1,5,,283,5,,,4,255,50,0,20,0,2,0,1,0,
240610,rec-154-dup-0,2,rec-153-dup-0,79,2,7,3,1,45,70,0,20,1,4,0,0,0,
240611,rec-450-dup-0,4,id-449,233,3,7,,4,60,50,0,30,1,1,0,1,0,
240612,rec-247-dup-0,,rec-246-dup-0,126,,10,4,4,45,35,0,40,0,1,0,0,0,80
240613,rec-207-dup-1,2,,104,8,9,4,4,60,70,0,20,1,4,0,0,1,
240614,rec-824-dup-0,4,,435,2,,,4,255,50,0,15,0,2,0,0,1,
240615,rec-728-dup-1,7,,376,5,3,,1,45,50,0,15,0,4,0,1,0,
240616,rec-778-dup-1,7,,404,10,10,,4,45,50,0,20,0,2,0,0,1,
240617,rec-142-dup-1,1,,71,7,13,6,1,45,50,0,35,0,1,1,0,0,
240618,rec-118-dup-0,1,,55,7,3,7,4,225,50,0,20,1,2,0,0,0,
240619,rec-328-dup-1,7,,166,3,14,,4,255,50,0,20,0,4,0,0,0,
240620,rec-503-dup-1,5,id-502,258,,8,,1,45,70,0,20,0,4,0,1,0,108
240621,rec-169-dup-0,2,rec-42-dup-0,17,7,13,6,4,90,50,0,15,0,2,0,0,1,25
240622,rec-134-dup-0,1,id-133,67,1,7,8,1,45,50,0,35,0,2,0,0,0,2
240623,rec-593-dup-0,5,id-592,301,9,2,,4,60,50,0,20,1,2,0,0,1,
240624,rec-590-dup-1,5,,300,10,4,,4,190,50,0,20,0,2,0,1,0,
240625,rec-192-dup-0,2,id-191,94,9,6,3,4,120,70,0,20,0,4,0,0,0,
240626,rec-866-dup-0,3,id-122,57,6,,,4,45,50,0,25,0,2,0,0,0,
240627,rec-813-dup-1,8,,431,10,,,1,45,50,0,20,0,4,0,0,1,
240629,rec-67-dup-0,1,id-66,28,4,12,1,2,90,50,0,20,0,4,0,0,1,99
240630,rec-721-dup-1,4,,373,3,7,,-1,3,100,0,120,0,1,0,0,1,
240631,rec-157-dup-0,2,id-156,80,9,7,3,1,45,70,0,20,0,4,0,0,0,
240634,rec-325-dup-0,3,,164,4,4,4,4,255,70,0,20,0,3,0,1,0,
240636,rec-377-dup-0,3,,193,3,6,6,-1,3,35,0,80,0,1,0,1,0,
240637,rec-398-dup-0,4,rec-397-dup-0,206,3,9,,4,45,70,0,15,1,4,0,1,1,28
240638,rec-803-dup-1,6,,424,8,6,,-1,45,0,0,120,0,1,0,0,0,
240639,rec-786-dup-1,7,,410,,14,,-1,3,50,0,15,0,1,0,1,0,
240640,rec-882-dup-0,8,,463,2,,,-1,45,50,0,35,0,1,0,1,0,
240641,rec-641-dup-0,8,,328,5,4,,0,3,90,0,120,0,1,1,0,0,
240642,rec-81-dup-0,1,,34,4,14,4,-1,190,50,0,20,0,2,0,0,0,
240643,rec-835-dup-0,3,,440,10,,,4,255,50,0,20,0,3,0,0,1,
240645,rec-372-dup-0,3,id-371,191,9,7,6,4,45,35,0,40,0,1,0,1,0,
240646,rec-196-dup-0,2,id-133,67,8,8,8,1,45,50,0,35,0,2,0,0,1,5
240647,rec-486-dup-1,7,,247,9,12,,-1,3,0,0,120,0,1,0,0,0,
240648,rec-34-dup-0,1,rec-33-dup-0,13,7,12,2,0,45,50,0,20,0,4,0,1,0,
240650,rec-811-dup-1,8,id-810,430,5,,,1,45,50,0,20,0,4,0,1,1,
240651,rec-677-dup-0,6,,348,4,6,,4,190,50,0,20,0,2,0,1,1,
240652,rec-326-dup-1,3,rec-325-dup-0,164,6,6,6,4,60,70,0,20,0,3,0,0,0,
240653,rec-163-dup-0,2,,83,,9,3,4,255,50,0,15,0,2,0,0,0,
240654,rec-714-dup-1,6,,367,8,9,,4,190,50,0,20,0,2,0,0,1,
240656,rec-132-dup-0,1,,66,7,5,8,-1,35,50,0,20,0,2,0,,0,
240657,rec-317-dup-1,3,rec-316-dup-0,159,7,4,2,4,75,70,0,20,1,6,0,1,0,
240659,rec-16-dup-0,1,,6,,9,2,4,255,70,0,15,0,4,0,1,0,
240660,rec-590-dup-0,,,300,9,4,,4,190,50,0,20,0,2,0,1,0,
240661,rec-395-dup-1,4,id-394,205,2,6,,1,45,70,0,20,0,4,0,1,1,135
240662,rec-647-dup-1,5,,334,9,8,,-1,3,35,0,80,0,1,1,1,1,
240664,rec-93-dup-0,1,id-92,40,6,14,1,4,90,50,0,20,0,4,0,0,0,113
240666,rec-738-dup-1,7,id-737,379,3,,,4,45,50,0,15,0,2,0,0,0,
240668,rec-255-dup-1,3,,131,,8,3,1,45,50,0,20,1,4,0,0,0,
240669,rec-257-dup-0,,rec-256-dup-0,131,8,6,3,1,45,50,0,20,1,4,1,1,0,
240670,rec-500-dup-0,5,id-499,257,7,12,,1,45,70,0,20,0,4,0,0,0,123
240671,rec-260-dup-0,3,rec-259-dup-0,132,5,,9,1,45,50,0,20,0,4,1,0,0,
240672,rec-316-dup-1,5,,159,5,4,2,4,225,70,0,20,1,6,0,0,0,
240674,rec-691-dup-1,3,rec-690-dup-0,354,3,5,,4,55,50,0,20,0,2,0,1,0,
240675,rec-775-dup-0,7,,401,5,12,,4,45,70,0,20,0,1,0,1,0,
240676,rec-744-dup-0,7,,383,,8,,4,190,50,0,15,0,2,0,,0,
240677,rec-127-dup-1,1,,62,3,6,,4,45,50,0,25,0,1,1,0,0,
240678,rec-52-dup-1,1,,22,9,7,8,4,255,50,0,20,0,2,0,0,0,58
240679,rec-358-dup-0,3,id-433,184,1,4,3,4,45,70,0,25,0,3,0,0,1,53
240681,rec-325-dup-1,8,,164,1,14,4,4,255,70,0,20,0,3,0,0,0,
240682,rec-435-dup-1,4,id-434,223,7,7,,4,60,50,0,20,0,2,0,0,,
240683,rec-375-dup-1,3,id-374,192,2,14,6,-1,3,35,0,40,0,1,0,0,1,83
240684,rec-7-dup-0,1,,3,1,12,9,1,45,50,0,20,0,4,0,0,0,
240685,rec-495-dup-0,7,,256,2,6,,1,45,70,0,20,0,4,0,0,0,118
240686,rec-385-dup-0,3,,201,9,12,1,-1,3,100,0,120,0,1,0,0,1,
240687,rec-171-dup-0,2,id-170,86,4,3,7,4,75,50,0,20,0,1,0,1,0,
240688,rec-505-dup-0,3,id-504,259,1,6,,4,255,70,0,20,0,2,0,0,0,
240690,rec-771-dup-0,6,,398,1,2,,4,60,50,0,15,0,3,0,1,0,
240691,rec-646-dup-0,5,,333,4,6,,-1,3,0,0,120,0,1,1,0,1,
240692,rec-331-dup-1,7,,167,5,12,1,4,190,35,0,20,0,4,0,0,0,
240693,rec-503-dup-0,5,id-502,258,,7,,1,45,70,0,20,0,4,0,0,0,108
240694,rec-431-dup-1,4,,221,3,7,,6,190,70,0,20,0,3,0,0,0,
240695,rec-318-dup-0,3,,160,8,,7,4,225,35,0,20,0,1,0,,0,
240696,rec-364-dup-0,3,id-363,187,1,3,9,4,120,50,0,20,0,4,0,0,0,61
240697,rec-85-dup-0,1,rec-84-dup-0,36,3,8,2,4,45,70,0,20,1,2,0,0,0,
240698,rec-368-dup-1,8,id-366,188,8,2,7,4,60,70,0,20,0,5,0,1,0,
240699,rec-801-dup-0,,,422,4,6,,-1,3,0,0,120,0,1,0,0,1,
240700,rec-97-dup-1,1,rec-96-dup-1,42,9,12,2,4,75,70,0,20,1,2,0,0,0,
240701,rec-52-dup-0,,,22,10,8,8,4,255,50,0,20,0,2,0,0,1,58
240702,rec-42-dup-1,1,id-41,17,8,9,4,4,90,50,0,15,1,2,0,0,0,24
240703,rec-27-dup-0,1,,11,10,12,4,4,255,50,0,20,0,2,0,0,0,
240704,rec-584-dup-0,5,rec-583-dup-0,296,10,11,,4,45,50,0,20,0,1,0,1,0,
240705,rec-741-dup-0,8,,381,8,9,,6,45,70,0,20,0,2,0,0,1,
240706,rec-604-dup-0,4,id-603,306,2,3,,4,30,70,0,20,0,1,0,1,0,
240707,rec-682-dup-0,6,,350,7,4,,4,200,50,0,20,0,2,0,1,0,
240709,rec-826-dup-1,8,rec-825-dup-0,435,6,,,4,45,50,0,15,0,2,0,1,0,
240710,rec-72-dup-0,1,,30,1,10,9,4,190,50,0,20,0,1,0,0,0,
240712,rec-400-dup-0,4,id-399,207,3,12,,4,127,70,0,15,1,2,0,0,1,30
240713,rec-297-dup-0,3,id-296,146,3,12,1,2,200,70,0,20,0,6,0,0,1,
240714,rec-701-dup-0,8,,359,5,6,,4,100,50,0,20,0,2,0,0,0,
240715,rec-69-dup-0,1,,29,2,6,2,4,255,70,0,20,0,4,0,0,0,
240716,rec-811-dup-0,7,id-810,430,5,,,1,45,50,0,20,0,4,0,0,1,
240717,rec-3-dup-1,1,id-2,1,2,7,3,1,45,50,0,20,1,4,1,0,0,
240718,rec-382-dup-0,3,,198,2,3,9,-1,3,0,0,120,0,1,1,1,1,
240719,rec-310-dup-0,6,rec-309-dup-0,153,10,8,3,4,45,50,0,20,0,1,1,0,1,
240720,rec-825-dup-1,8,rec-824-dup-0,435,9,,,4,120,50,0,15,0,2,0,1,0,
240721,rec-173-dup-0,2,,14,7,12,4,6,150,140,1,10,0,3,0,0,0,
240722,rec-589-dup-0,5,id-588,299,3,14,,4,75,50,0,15,0,2,0,0,0,
240723,rec-341-dup-1,5,,174,8,14,9,4,205,50,0,15,0,6,0,,0,
240724,rec-274-dup-0,6,id-273,137,4,12,2,4,120,50,0,15,1,4,0,0,0,
240725,rec-746-dup-0,6,,384,1,3,,4,60,50,0,15,0,3,0,0,0,
240726,rec-468-dup-0,4,id-176,87,10,9,,1,30,50,0,10,0,3,0,1,0,
240728,rec-149-dup-0,1,id-148,76,3,6,7,4,45,35,0,40,0,1,0,1,0,78
240729,rec-662-dup-0,6,id-661,341,6,9,,4,120,50,0,15,0,4,0,0,1,
240730,rec-119-dup-0,1,rec-118-dup-0,55,7,3,7,4,60,50,0,20,1,2,0,0,0,
240731,rec-126-dup-0,1,rec-240-dup-1,61,8,12,6,2,45,50,0,25,0,2,0,0,0,
240732,rec-134-dup-1,1,id-133,67,2,7,5,1,45,50,0,35,0,2,0,0,0,2
240733,rec-582-dup-0,5,,296,10,1,,4,255,50,0,20,0,1,0,0,0,
240735,rec-280-dup-0,3,,140,10,12,5,4,235,35,0,20,0,1,0,0,0,9
240736,rec-579-dup-0,5,id-578,294,2,14,,4,50,50,0,20,0,4,0,0,0,
240737,rec-773-dup-1,7,id-772,399,3,8,,-1,3,0,0,120,0,1,0,1,0,
240738,rec-207-dup-0,2,,104,7,9,4,4,60,70,0,20,1,4,0,1,,
240739,rec-271-dup-0,3,id-270,136,5,6,7,4,120,50,0,15,0,4,0,0,0,
240741,rec-621-dup-0,5,,315,6,6,,4,45,50,0,30,0,2,0,0,1,
240742,rec-166-dup-1,2,rec-165-dup-0,84,8,9,3,4,90,70,0,15,1,3,0,0,,
240743,rec-715-dup-0,6,rec-714-dup-1,367,6,13,,4,45,50,0,20,0,2,0,0,0,
240744,rec-768-dup-0,7,id-767,396,1,12,,4,45,50,0,20,0,2,0,0,1,
240746,rec-95-dup-0,1,,41,3,2,1,4,45,50,0,25,0,2,0,0,,175
240747,rec-314-dup-0,3,,157,7,12,3,8,150,70,0,15,0,6,0,0,,
240748,rec-279-dup-1,3,id-278,139,10,13,9,4,45,50,0,20,0,2,0,0,1,
240749,rec-167-dup-0,2,,85,2,14,3,4,255,70,0,15,0,3,0,0,0,
240751,rec-591-dup-0,6,rec-590-dup-0,300,10,4,,4,75,50,0,20,0,2,0,0,0,
240752,rec-286-dup-0,3,id-285,142,5,6,,4,90,70,0,15,0,6,0,0,1,
240753,rec-136-dup-0,1,id-133,67,8,7,8,1,45,50,0,35,0,2,0,0,1,4
240755,rec-382-dup-1,7,,198,1,3,7,-1,3,0,0,120,0,1,1,,0,
240756,rec-808-dup-0,3,,428,3,,,-1,3,0,0,120,0,1,0,0,1,
240757,rec-241-dup-0,2,,122,6,12,3,8,45,50,0,20,0,1,0,0,1,
240758,rec-431-dup-0,4,,221,4,7,,6,190,70,0,20,0,3,0,1,0,
240760,rec-19-dup-0,1,,7,7,7,3,4,255,70,0,15,1,2,0,1,0,
240762,rec-756-dup-0,7,id-755,389,8,12,,4,75,50,0,20,0,2,0,0,1,
240763,rec-551-dup-0,5,,281,4,8,,4,180,50,0,20,0,4,0,0,1,66
240764,rec-591-dup-1,5,rec-590-dup-1,300,10,14,,4,75,50,0,20,0,2,0,0,0,
240765,rec-725-dup-0,7,,375,6,7,,1,45,50,0,15,0,4,0,0,0,
240766,rec-138-dup-0,1,,69,2,2,7,1,45,50,0,30,0,2,0,0,1,
240767,rec-794-dup-0,7,,415,8,2,,-1,45,0,0,120,0,1,0,1,0,
240768,rec-316-dup-0,3,,159,5,4,2,4,225,70,0,20,1,6,0,1,0,
240769,rec-50-dup-1,1,,21,3,5,6,4,255,50,0,20,0,2,0,0,1,
240771,rec-827-dup-0,5,,436,3,,,4,255,50,0,15,0,3,0,0,1,
240773,rec-698-dup-0,6,,358,2,7,,1,45,50,0,30,0,2,0,0,1,
240774,rec-239-dup-0,2,,60,9,12,3,2,45,50,1,25,0,2,0,1,0,
240776,rec-713-dup-0,8,id-712,366,2,8,,4,55,50,0,20,0,2,0,1,0,
240777,rec-45-dup-0,1,id-44,18,8,12,2,4,45,50,0,20,1,4,0,0,1,
240778,rec-521-dup-0,5,rec-520-dup-0,266,4,13,,4,45,50,0,15,1,4,0,1,0,
240782,rec-812-dup-1,8,rec-811-dup-0,430,2,,,1,45,50,0,20,0,4,0,0,1,
240783,rec-825-dup-0,8,rec-824-dup-1,435,9,,,4,120,50,0,15,0,2,0,0,,
240784,rec-40-dup-0,1,id-39,16,7,12,3,6,50,50,0,10,0,3,0,0,1,22
240785,rec-240-dup-0,2,,61,8,12,1,2,45,50,1,25,0,2,0,0,0,
240786,rec-605-dup-0,5,,307,5,12,,4,255,50,0,20,0,2,0,0,0,
240787,rec-824-dup-1,4,,435,2,,,4,255,50,0,15,0,2,0,0,1,
240788,rec-239-dup-1,2,,60,9,12,3,2,45,50,1,25,0,2,0,1,0,
240790,rec-546-dup-0,3,,278,5,5,,4,190,50,0,20,0,2,0,0,0,48
240792,rec-161-dup-0,2,,82,3,7,2,4,255,70,0,15,0,2,0,0,0,
240793,rec-419-dup-1,4,id-418,216,1,7,,4,75,70,0,20,1,2,0,0,0,
240796,rec-809-dup-1,6,,429,3,,,-1,3,0,0,120,0,1,0,0,1,
240797,rec-679-dup-0,6,,349,4,5,,4,180,50,0,20,0,2,0,0,1,
240798,rec-846-dup-0,8,,445,1,,,4,255,50,0,20,0,1,0,1,0,
240799,rec-534-dup-0,5,id-533,272,4,6,,2,45,50,0,20,0,4,0,0,0,103
240800,rec-313-dup-0,7,,156,4,6,2,0,150,70,0,15,0,5,0,0,1,
240801,rec-539-dup-1,5,,275,5,12,,0,45,50,0,20,0,2,0,1,0,
240802,rec-328-dup-0,3,,166,3,4,6,4,255,50,0,20,0,4,0,1,0,
240803,rec-601-dup-0,5,id-600,305,3,11,,-1,30,50,0,20,0,4,0,1,0,
240804,rec-37-dup-1,1,,15,,8,2,6,190,50,0,20,0,2,0,0,0,
240805,rec-626-dup-1,6,,318,3,7,,4,45,50,0,20,0,2,0,0,0,
240806,rec-486-dup-0,4,,247,9,12,,-1,3,0,0,120,0,1,0,0,1,
240808,rec-124-dup-0,1,id-238,59,8,12,5,8,45,50,0,25,0,2,0,0,1,
240809,rec-249-dup-0,2,,127,9,13,5,-1,3,0,0,120,0,1,0,1,,
240810,rec-165-dup-0,2,,84,8,13,3,4,255,70,0,15,1,3,0,0,0,
240811,rec-379-dup-0,4,,195,4,6,1,-1,3,35,0,80,0,1,0,1,0,193
240812,rec-118-dup-1,1,,55,8,3,7,4,225,50,0,20,1,2,0,1,0,
240813,rec-97-dup-0,1,rec-96-dup-1,42,9,12,2,4,75,70,0,20,1,2,0,0,0,
240814,rec-204-dup-1,2,,102,4,11,2,4,190,70,0,20,0,2,0,0,1,56
240815,rec-888-dup-0,3,,467,,,,-1,10,0,0,120,0,1,0,1,0,
240816,rec-319-dup-0,,rec-318-dup-0,160,2,,9,4,60,35,0,20,0,1,1,0,0,
240817,rec-347-dup-0,3,,177,4,,7,1,45,50,0,30,0,5,0,0,0,171
240818,rec-723-dup-0,5,id-722,374,1,9,,1,45,50,0,15,0,4,0,0,0,
240820,rec-82-dup-0,1,rec-81-dup-0,34,4,11,1,-1,60,50,0,20,0,2,0,1,0,
240821,rec-447-dup-0,4,,232,,6,,1,75,50,1,25,0,4,0,0,1,50
240822,rec-264-dup-0,3,id-263,134,10,7,3,4,90,50,0,15,0,2,0,0,0,
240823,rec-481-dup-1,4,,242,7,6,,-1,3,140,0,80,0,1,0,,0,
240824,rec-445-dup-0,4,id-444,230,5,12,,4,45,50,0,40,1,1,1,0,0,87
240825,rec-303-dup-0,3,,150,,12,4,4,45,50,0,20,0,3,1,0,0,
240826,rec-259-dup-0,3,id-258,132,5,6,9,1,45,50,0,20,0,4,0,1,0,
240827,rec-892-dup-0,8,id-891,470,2,,,1,3,50,0,120,0,1,0,0,0,
240828,rec-476-dup-0,4,rec-299-dup-0,147,4,5,,4,60,70,0,20,0,2,0,1,0,
240831,rec-728-dup-0,7,,376,2,3,,1,45,50,0,15,0,4,0,1,,
240832,rec-436-dup-0,4,,224,5,5,,-1,255,50,0,20,0,2,0,0,1,
240833,rec-86-dup-0,1,,37,10,3,9,4,190,70,0,20,0,2,0,0,0,
240834,rec-194-dup-1,2,,96,1,7,9,4,255,50,0,20,1,2,0,1,0,18
240836,rec-72-dup-1,1,,30,1,10,9,4,190,50,0,20,0,1,0,0,0,
240837,rec-353-dup-1,4,,181,4,1,8,4,225,35,0,25,0,3,0,1,0,
240838,rec-598-dup-1,5,id-597,304,1,10,,4,90,50,0,20,0,2,0,1,0,
240839,rec-435-dup-0,4,id-434,223,6,8,,4,60,50,0,20,0,2,0,1,0,
240840,rec-571-dup-0,5,id-570,291,3,12,,1,45,50,0,20,0,4,0,0,0,155
240841,rec-571-dup-1,5,id-570,291,1,12,,1,45,50,0,20,0,4,0,0,0,155
240842,rec-142-dup-0,1,,71,,9,4,1,45,50,0,35,0,1,1,0,1,
240844,rec-256-dup-0,5,rec-255-dup-1,131,8,12,3,1,45,50,0,20,1,4,0,0,0,
240845,rec-832-dup-0,6,rec-831-dup-0,438,9,,,4,127,50,0,15,0,2,0,0,1,
240847,rec-58-dup-0,1,,25,4,8,2,2,190,50,0,20,0,1,0,0,0,
240848,rec-496-dup-0,6,rec-495-dup-0,256,5,12,,1,45,70,0,20,0,4,0,0,0,119
240849,rec-852-dup-0,6,,448,3,,,4,180,50,0,25,0,4,0,1,0,
240850,rec-226-dup-0,2,rec-458-dup-0,116,8,9,7,4,25,50,0,25,0,1,0,1,0,
240853,rec-208-dup-0,2,rec-95-dup-0,41,4,10,1,4,25,50,0,25,1,2,1,0,1,176
240854,rec-3-dup-0,1,id-2,1,1,8,2,1,45,50,0,20,1,4,1,0,0,
240855,rec-847-dup-0,4,rec-846-dup-0,445,3,,,4,60,50,0,20,0,1,0,,0,
240856,rec-776-dup-0,7,,402,8,12,,4,70,50,0,20,0,2,0,1,0,
240857,rec-195-dup-0,2,rec-194-dup-0,96,2,12,9,4,90,50,0,20,1,2,0,0,1,19
240858,rec-872-dup-0,7,,455,9,,,4,190,50,0,20,0,2,0,0,1,
240859,rec-128-dup-0,1,,63,8,8,3,0,45,50,0,20,0,1,0,0,1,
240860,rec-815-dup-0,4,id-814,431,,,,1,45,50,0,20,0,4,0,0,0,
240861,rec-786-dup-0,6,,410,7,4,,-1,3,50,0,15,0,1,0,1,0,
240862,rec-826-dup-0,5,rec-825-dup-1,435,8,,,4,45,50,0,15,0,2,0,1,0,
240863,rec-219-dup-0,2,id-218,111,8,10,4,4,75,70,0,20,0,2,0,0,1,
240865,rec-271-dup-1,3,id-270,136,5,6,9,4,120,50,0,15,0,4,0,1,0,
240867,rec-32-dup-0,1,,13,7,8,2,0,235,50,0,20,0,4,0,0,1,
240868,rec-614-dup-1,5,id-613,310,9,7,,4,60,50,0,20,0,2,0,0,1,105
240869,rec-18-dup-0,1,id-17,6,1,9,2,4,45,70,0,15,0,4,1,0,,
240870,rec-438-dup-1,4,,91,3,8,,4,255,50,1,20,0,2,0,0,1,
240872,rec-37-dup-0,1,,15,3,7,2,6,190,50,0,20,0,2,0,1,0,
240873,rec-809-dup-0,7,,429,3,,,-1,3,0,0,120,0,1,0,0,0,
240874,rec-341-dup-0,,,174,6,4,9,4,205,50,0,15,0,6,0,0,0,
240875,rec-311-dup-0,3,,154,10,12,2,4,200,70,0,20,0,2,0,0,0,
240876,rec-501-dup-0,5,,258,1,6,,1,45,70,0,20,0,4,0,1,0,106
240877,rec-161-dup-1,2,,82,4,7,3,4,255,70,0,15,0,2,0,0,0,
240878,rec-194-dup-0,2,,96,2,7,7,4,255,50,0,20,1,2,0,0,1,18
240879,rec-190-dup-0,2,,93,7,12,3,4,45,70,0,20,1,3,0,0,0,
240880,rec-356-dup-1,3,id-355,182,1,12,3,4,90,35,0,25,0,3,0,0,1,70
240882,rec-192-dup-1,2,id-191,94,10,12,3,4,120,70,0,20,0,4,0,1,1,
240883,rec-48-dup-0,1,,20,8,6,2,4,190,70,0,20,0,2,0,0,0,
240884,rec-836-dup-1,8,rec-835-dup-1,440,9,,,4,45,50,0,20,0,3,0,0,,
240885,rec-691-dup-0,7,rec-690-dup-0,354,,5,,4,55,50,0,20,0,2,0,0,0,
240886,rec-614-dup-0,5,id-613,310,10,8,,4,60,50,0,20,0,2,0,0,1,105
240887,rec-173-dup-1,2,,14,6,12,4,6,150,140,1,10,0,3,0,1,0,
240888,rec-636-dup-1,8,,324,9,14,,4,45,50,0,40,0,1,0,1,0,173
240889,rec-84-dup-0,1,,36,4,7,2,4,190,70,0,20,1,2,0,0,0,
240890,rec-395-dup-0,4,id-394,205,,12,,1,45,70,0,20,0,4,0,0,0,135
240892,rec-828-dup-1,4,rec-827-dup-0,436,3,,,4,127,50,0,15,0,3,0,1,0,
240893,rec-574-dup-1,5,,293,,12,,6,200,50,0,20,0,4,0,1,0,63
240894,rec-292-dup-0,3,rec-290-dup-0,144,3,11,3,-1,45,50,0,15,0,5,0,0,0,
240896,rec-287-dup-0,3,,143,1,8,3,4,255,70,0,15,0,1,0,0,0,
240897,rec-828-dup-0,8,rec-827-dup-0,436,1,,,4,127,50,0,15,0,3,0,0,1,
240898,rec-150-dup-1,1,,77,6,6,8,-1,3,0,0,120,0,1,1,1,0,196
240901,rec-420-dup-0,5,,217,6,11,,4,190,50,0,20,0,2,0,0,1,
240902,rec-88-dup-1,1,,38,7,14,5,4,190,70,0,20,0,2,0,0,0,
240903,rec-800-dup-0,,,421,4,4,,-1,255,0,0,120,0,1,0,1,0,
240904,rec-5-dup-0,1,id-4,2,8,12,4,1,45,50,0,20,0,4,0,0,,110
240905,rec-704-dup-1,6,,362,8,2,,4,45,35,0,40,0,1,0,0,1,
240907,rec-166-dup-0,2,rec-165-dup-0,84,,9,2,4,90,70,0,15,1,3,0,0,1,
240908,rec-552-dup-0,5,rec-551-dup-1,281,7,7,,4,90,50,0,20,0,4,0,0,0,67
240909,rec-773-dup-0,7,id-772,399,4,7,,-1,3,0,0,120,0,1,0,1,0,
240910,rec-865-dup-0,8,id-83,35,10,,,4,45,50,0,20,0,2,0,0,1,
240911,rec-249-dup-1,2,,127,9,13,8,-1,3,0,0,120,0,1,0,1,0,
240912,rec-225-dup-0,2,,115,6,9,6,4,45,50,0,20,0,3,0,0,0,
240913,rec-636-dup-0,5,,324,10,4,,4,45,50,0,40,0,1,0,0,0,173
240914,rec-716-dup-0,6,,368,2,7,,-1,45,0,0,120,0,1,1,0,0,
240915,rec-804-dup-0,7,rec-803-dup-0,424,7,,,-1,45,0,0,120,0,1,0,0,1,
240916,rec-835-dup-1,8,,440,10,,,4,255,50,0,20,0,3,0,1,1,
240917,rec-12-dup-0,1,id-11,4,10,13,3,4,45,50,0,15,1,2,0,0,0,
240919,rec-397-dup-0,4,id-396,206,6,13,,4,120,70,0,15,1,4,0,0,0,27
240920,rec-343-dup-0,3,,175,8,14,6,-1,255,50,0,20,0,2,0,0,1,
240921,rec-458-dup-0,4,,116,2,13,,4,25,50,1,25,0,1,0,1,0,
240922,rec-205-dup-0,2,rec-204-dup-1,102,8,1,2,4,75,70,0,20,0,2,0,1,0,57
240923,rec-295-dup-0,3,id-294,145,1,12,1,4,45,50,0,20,0,4,0,0,0,
240925,rec-241-dup-1,2,,122,8,6,3,8,45,50,0,20,0,1,0,1,0,
240926,rec-152-dup-0,2,,79,2,8,3,1,45,70,0,20,0,4,0,,0,
240928,rec-836-dup-0,8,rec-835-dup-0,440,9,,,4,45,50,0,20,0,3,0,0,1,
240929,rec-397-dup-1,5,id-396,206,3,13,,4,120,70,0,15,1,4,0,1,0,27
240930,rec-121-dup-0,1,id-120,56,7,5,,-1,60,50,0,20,0,1,0,1,0,
240931,rec-200-dup-0,2,,98,1,1,4,4,45,35,0,25,0,3,0,0,0,183
240932,rec-490-dup-0,4,,250,2,6,,-1,3,70,0,10,0,1,0,1,1,
