1,2
tt12537315,tt12537314
tt1202151,tt12541278
tt12545280,tt12545281
tt12540025,tt3727460
tt12539455,tt12539457
tt12545771,tt12545770
tt12545339,tt12545338
tt12532813,tt3420044
tt4839424,tt12545356
tt12542068,tt0340422
tt12540075,tt12540074
tt12545771,tt4462242
tt12544466,tt0204694
tt12541438,tt0090225
tt0074294,tt12540719
tt0055719,tt12534576
tt12538843,tt12538844
tt12532521,tt12532520
tt12544010,tt0391140
tt12545685,tt0077932
tt12534020,tt10445464
tt12531252,tt12531253
tt12533505,tt12533506
tt12544325,tt0052547
tt1496903,tt12543412
tt0387937,tt12542938
tt12545603,tt0060746
tt12541275,tt12541274
tt12535777,tt12535775
tt12535538,tt12535536
tt12545835,tt1164089
tt12539448,tt0284537
tt12539966,tt1334247
tt12541688,tt12541687
tt12531855,tt12531854
tt12532519,tt12532520
tt12544496,tt12544495
tt12535808,tt12535807
tt12533534,tt0169268
tt12543103,tt1637609
tt12545329,tt12545330
tt2035561,tt12531624
tt12534021,tt10445464
tt12544496,tt0326536
tt12542571,tt12542569
tt0258172,tt12545311
tt12545460,tt1145500
tt12534347,tt12534346
tt12542569,tt4852398
tt1358894,tt12531180
tt12531181,tt12531180
tt12534575,tt0055719
tt12536598,tt1296418
tt0253409,tt12532395
tt6083652,tt12538012
tt12534491,tt12534492
tt3526322,tt12541688
tt3526322,tt12541687
tt12540780,tt12540779
tt12532849,tt2564196
tt0064625,tt12539430
tt7090140,tt12543587
tt12545340,tt12545338
tt12540075,tt10410130
tt12531181,tt1358894
tt12532137,tt12532138
tt12533075,tt12533077
tt12544906,tt12544907
tt12539124,tt12539123
tt4295286,tt12539123
tt2305139,tt12535808
tt12535755,tt12535754
tt12545340,tt12545339
tt12534310,tt2173450
tt12543413,tt12543412
tt12532521,tt12532519
tt12541031,tt12541032
tt12543216,tt12543214
tt12542504,tt4227386
tt12544495,tt0326536
tt5974454,tt12532968
tt12535593,tt0158117
tt6766384,tt12535370
tt10410130,tt12540074
tt12534345,tt12534346
tt12535534,tt12535533
tt12538433,tt12538432
tt12540418,tt1337354
tt12542571,tt4852398
tt12531670,tt12531668
tt12537315,tt1461698
tt12545770,tt4462242
tt12542375,tt5950092
tt12534372,tt4492840
tt12543265,tt12543267
tt12534575,tt12534576
tt12533063,tt2229708
tt12545280,tt4026034
tt12539124,tt4295286
tt12534020,tt12534021
tt12534909,tt0342492
tt1461698,tt12537314
tt12545281,tt4026034
tt0247196,tt12535617
tt12543413,tt1496903
tt2305139,tt12535807
tt12534345,tt12534347
tt12535326,tt12535327
tt12532664,tt12532663
tt12536014,tt12536015
